"","Friulian","Italian","Romansh","Walloon","French","Occitan","Spanish","Portuguese","Catalan","Aromanian","Romanian","Latin","Breton","Breton","Breton","Cornish","Welsh","Welsh","Irish","Scottish Gaelic","Luxembourgish","German","West Flemish","Dutch","English","Swedish","Swedish","Swedish","Norwegian (Bokmål)","Danish","Faroese","Icelandic","Gothic","Czech","Czech","Slovak","Upper Sorbian","Lower Sorbian","Polish","Belarusian","Ukrainian","Russian","Bulgarian","Macedonian","Serbian","Old Church Slavonic","Slovenian","Latvian","Lithuanian","Western Punjabi","Urdu","Hindi","Bihari","Gujarati","Marathi","Sindhi","Assamese","Oriya","Bengali","Kashmiri","Sinhalese","Romani","Sanskrit","Tajik","Persian","Kurdish (Sorani)","Ossetian","Albanian","Anglo Saxon","Greek","Armenian","Armenian"
"Friulian",0,1137.4484819882,1807.236962731,3133.6855057594,3133.6855057594,3133.6855057594,3133.6855057594,3133.6855057594,3133.6855057594,3978.78246727278,3978.78246727278,2738.6850034307,8891.1691552896,8891.1691552896,8891.1691552896,8891.1691552896,8891.1691552896,8891.1691552896,8891.1691552896,8891.1691552896,10175.8126726966,10175.8126726966,10175.8126726966,10175.8126726966,10175.8126726966,10175.8126726966,10175.8126726966,10175.8126726966,10175.8126726966,10175.8126726966,10175.8126726966,10175.8126726966,8527.85949838323,11416.2082149617,11416.2082149617,11416.2082149617,11416.2082149617,11416.2082149617,11416.2082149617,11416.2082149617,11416.2082149617,11416.2082149617,11416.2082149617,11416.2082149617,11416.2082149617,10444.5169988811,11416.2082149617,11416.2082149617,11416.2082149617,12798.0624791546,12798.0624791546,12798.0624791546,12798.0624791546,12798.0624791546,12798.0624791546,12798.0624791546,12798.0624791546,12798.0624791546,12798.0624791546,12798.0624791546,12798.0624791546,12798.0624791546,9803.91638087458,12798.0624791546,12798.0624791546,12798.0624791546,12798.0624791546,12798.0624791546,12798.0624791546,12798.0624791546,13663.9058346533,13663.9058346533
"Italian",1137.4484819882,0,1807.236962731,3133.6855057594,3133.6855057594,3133.6855057594,3133.6855057594,3133.6855057594,3133.6855057594,3978.78246727278,3978.78246727278,2738.6850034307,8891.1691552896,8891.1691552896,8891.1691552896,8891.1691552896,8891.1691552896,8891.1691552896,8891.1691552896,8891.1691552896,10175.8126726966,10175.8126726966,10175.8126726966,10175.8126726966,10175.8126726966,10175.8126726966,10175.8126726966,10175.8126726966,10175.8126726966,10175.8126726966,10175.8126726966,10175.8126726966,8527.85949838323,11416.2082149617,11416.2082149617,11416.2082149617,11416.2082149617,11416.2082149617,11416.2082149617,11416.2082149617,11416.2082149617,11416.2082149617,11416.2082149617,11416.2082149617,11416.2082149617,10444.5169988811,11416.2082149617,11416.2082149617,11416.2082149617,12798.0624791546,12798.0624791546,12798.0624791546,12798.0624791546,12798.0624791546,12798.0624791546,12798.0624791546,12798.0624791546,12798.0624791546,12798.0624791546,12798.0624791546,12798.0624791546,12798.0624791546,9803.91638087458,12798.0624791546,12798.0624791546,12798.0624791546,12798.0624791546,12798.0624791546,12798.0624791546,12798.0624791546,13663.9058346533,13663.9058346533
"Romansh",1807.236962731,1807.236962731,0,3133.6855057594,3133.6855057594,3133.6855057594,3133.6855057594,3133.6855057594,3133.6855057594,3978.78246727278,3978.78246727278,2738.6850034307,8891.1691552896,8891.1691552896,8891.1691552896,8891.1691552896,8891.1691552896,8891.1691552896,8891.1691552896,8891.1691552896,10175.8126726966,10175.8126726966,10175.8126726966,10175.8126726966,10175.8126726966,10175.8126726966,10175.8126726966,10175.8126726966,10175.8126726966,10175.8126726966,10175.8126726966,10175.8126726966,8527.85949838323,11416.2082149617,11416.2082149617,11416.2082149617,11416.2082149617,11416.2082149617,11416.2082149617,11416.2082149617,11416.2082149617,11416.2082149617,11416.2082149617,11416.2082149617,11416.2082149617,10444.5169988811,11416.2082149617,11416.2082149617,11416.2082149617,12798.0624791546,12798.0624791546,12798.0624791546,12798.0624791546,12798.0624791546,12798.0624791546,12798.0624791546,12798.0624791546,12798.0624791546,12798.0624791546,12798.0624791546,12798.0624791546,12798.0624791546,9803.91638087458,12798.0624791546,12798.0624791546,12798.0624791546,12798.0624791546,12798.0624791546,12798.0624791546,12798.0624791546,13663.9058346533,13663.9058346533
"Walloon",3133.6855057594,3133.6855057594,3133.6855057594,0,547.541926351173,1253.1706376367,2657.1918892749,2657.1918892749,2657.1918892749,3978.78246727278,3978.78246727278,2738.6850034307,8891.1691552896,8891.1691552896,8891.1691552896,8891.1691552896,8891.1691552896,8891.1691552896,8891.1691552896,8891.1691552896,10175.8126726966,10175.8126726966,10175.8126726966,10175.8126726966,10175.8126726966,10175.8126726966,10175.8126726966,10175.8126726966,10175.8126726966,10175.8126726966,10175.8126726966,10175.8126726966,8527.85949838323,11416.2082149617,11416.2082149617,11416.2082149617,11416.2082149617,11416.2082149617,11416.2082149617,11416.2082149617,11416.2082149617,11416.2082149617,11416.2082149617,11416.2082149617,11416.2082149617,10444.5169988811,11416.2082149617,11416.2082149617,11416.2082149617,12798.0624791546,12798.0624791546,12798.0624791546,12798.0624791546,12798.0624791546,12798.0624791546,12798.0624791546,12798.0624791546,12798.0624791546,12798.0624791546,12798.0624791546,12798.0624791546,12798.0624791546,9803.91638087458,12798.0624791546,12798.0624791546,12798.0624791546,12798.0624791546,12798.0624791546,12798.0624791546,12798.0624791546,13663.9058346533,13663.9058346533
"French",3133.6855057594,3133.6855057594,3133.6855057594,547.541926351173,0,1253.1706376367,2657.1918892749,2657.1918892749,2657.1918892749,3978.78246727278,3978.78246727278,2738.6850034307,8891.1691552896,8891.1691552896,8891.1691552896,8891.1691552896,8891.1691552896,8891.1691552896,8891.1691552896,8891.1691552896,10175.8126726966,10175.8126726966,10175.8126726966,10175.8126726966,10175.8126726966,10175.8126726966,10175.8126726966,10175.8126726966,10175.8126726966,10175.8126726966,10175.8126726966,10175.8126726966,8527.85949838323,11416.2082149617,11416.2082149617,11416.2082149617,11416.2082149617,11416.2082149617,11416.2082149617,11416.2082149617,11416.2082149617,11416.2082149617,11416.2082149617,11416.2082149617,11416.2082149617,10444.5169988811,11416.2082149617,11416.2082149617,11416.2082149617,12798.0624791546,12798.0624791546,12798.0624791546,12798.0624791546,12798.0624791546,12798.0624791546,12798.0624791546,12798.0624791546,12798.0624791546,12798.0624791546,12798.0624791546,12798.0624791546,12798.0624791546,9803.91638087458,12798.0624791546,12798.0624791546,12798.0624791546,12798.0624791546,12798.0624791546,12798.0624791546,12798.0624791546,13663.9058346533,13663.9058346533
"Occitan",3133.6855057594,3133.6855057594,3133.6855057594,1253.1706376367,1253.1706376367,0,2657.1918892749,2657.1918892749,2657.1918892749,3978.78246727278,3978.78246727278,2738.6850034307,8891.1691552896,8891.1691552896,8891.1691552896,8891.1691552896,8891.1691552896,8891.1691552896,8891.1691552896,8891.1691552896,10175.8126726966,10175.8126726966,10175.8126726966,10175.8126726966,10175.8126726966,10175.8126726966,10175.8126726966,10175.8126726966,10175.8126726966,10175.8126726966,10175.8126726966,10175.8126726966,8527.85949838323,11416.2082149617,11416.2082149617,11416.2082149617,11416.2082149617,11416.2082149617,11416.2082149617,11416.2082149617,11416.2082149617,11416.2082149617,11416.2082149617,11416.2082149617,11416.2082149617,10444.5169988811,11416.2082149617,11416.2082149617,11416.2082149617,12798.0624791546,12798.0624791546,12798.0624791546,12798.0624791546,12798.0624791546,12798.0624791546,12798.0624791546,12798.0624791546,12798.0624791546,12798.0624791546,12798.0624791546,12798.0624791546,12798.0624791546,9803.91638087458,12798.0624791546,12798.0624791546,12798.0624791546,12798.0624791546,12798.0624791546,12798.0624791546,12798.0624791546,13663.9058346533,13663.9058346533
"Spanish",3133.6855057594,3133.6855057594,3133.6855057594,2657.1918892749,2657.1918892749,2657.1918892749,0,945.953140249101,1913.9044765575,3978.78246727278,3978.78246727278,2738.6850034307,8891.1691552896,8891.1691552896,8891.1691552896,8891.1691552896,8891.1691552896,8891.1691552896,8891.1691552896,8891.1691552896,10175.8126726966,10175.8126726966,10175.8126726966,10175.8126726966,10175.8126726966,10175.8126726966,10175.8126726966,10175.8126726966,10175.8126726966,10175.8126726966,10175.8126726966,10175.8126726966,8527.85949838323,11416.2082149617,11416.2082149617,11416.2082149617,11416.2082149617,11416.2082149617,11416.2082149617,11416.2082149617,11416.2082149617,11416.2082149617,11416.2082149617,11416.2082149617,11416.2082149617,10444.5169988811,11416.2082149617,11416.2082149617,11416.2082149617,12798.0624791546,12798.0624791546,12798.0624791546,12798.0624791546,12798.0624791546,12798.0624791546,12798.0624791546,12798.0624791546,12798.0624791546,12798.0624791546,12798.0624791546,12798.0624791546,12798.0624791546,9803.91638087458,12798.0624791546,12798.0624791546,12798.0624791546,12798.0624791546,12798.0624791546,12798.0624791546,12798.0624791546,13663.9058346533,13663.9058346533
"Portuguese",3133.6855057594,3133.6855057594,3133.6855057594,2657.1918892749,2657.1918892749,2657.1918892749,945.953140249101,0,1913.9044765575,3978.78246727278,3978.78246727278,2738.6850034307,8891.1691552896,8891.1691552896,8891.1691552896,8891.1691552896,8891.1691552896,8891.1691552896,8891.1691552896,8891.1691552896,10175.8126726966,10175.8126726966,10175.8126726966,10175.8126726966,10175.8126726966,10175.8126726966,10175.8126726966,10175.8126726966,10175.8126726966,10175.8126726966,10175.8126726966,10175.8126726966,8527.85949838323,11416.2082149617,11416.2082149617,11416.2082149617,11416.2082149617,11416.2082149617,11416.2082149617,11416.2082149617,11416.2082149617,11416.2082149617,11416.2082149617,11416.2082149617,11416.2082149617,10444.5169988811,11416.2082149617,11416.2082149617,11416.2082149617,12798.0624791546,12798.0624791546,12798.0624791546,12798.0624791546,12798.0624791546,12798.0624791546,12798.0624791546,12798.0624791546,12798.0624791546,12798.0624791546,12798.0624791546,12798.0624791546,12798.0624791546,9803.91638087458,12798.0624791546,12798.0624791546,12798.0624791546,12798.0624791546,12798.0624791546,12798.0624791546,12798.0624791546,13663.9058346533,13663.9058346533
"Catalan",3133.6855057594,3133.6855057594,3133.6855057594,2657.1918892749,2657.1918892749,2657.1918892749,1913.9044765575,1913.9044765575,0,3978.78246727278,3978.78246727278,2738.6850034307,8891.1691552896,8891.1691552896,8891.1691552896,8891.1691552896,8891.1691552896,8891.1691552896,8891.1691552896,8891.1691552896,10175.8126726966,10175.8126726966,10175.8126726966,10175.8126726966,10175.8126726966,10175.8126726966,10175.8126726966,10175.8126726966,10175.8126726966,10175.8126726966,10175.8126726966,10175.8126726966,8527.85949838323,11416.2082149617,11416.2082149617,11416.2082149617,11416.2082149617,11416.2082149617,11416.2082149617,11416.2082149617,11416.2082149617,11416.2082149617,11416.2082149617,11416.2082149617,11416.2082149617,10444.5169988811,11416.2082149617,11416.2082149617,11416.2082149617,12798.0624791546,12798.0624791546,12798.0624791546,12798.0624791546,12798.0624791546,12798.0624791546,12798.0624791546,12798.0624791546,12798.0624791546,12798.0624791546,12798.0624791546,12798.0624791546,12798.0624791546,9803.91638087458,12798.0624791546,12798.0624791546,12798.0624791546,12798.0624791546,12798.0624791546,12798.0624791546,12798.0624791546,13663.9058346533,13663.9058346533
"Aromanian",3978.78246727278,3978.78246727278,3978.78246727278,3978.78246727278,3978.78246727278,3978.78246727278,3978.78246727278,3978.78246727278,3978.78246727278,0,1605.7120298417,2738.6850034307,8891.1691552896,8891.1691552896,8891.1691552896,8891.1691552896,8891.1691552896,8891.1691552896,8891.1691552896,8891.1691552896,10175.8126726966,10175.8126726966,10175.8126726966,10175.8126726966,10175.8126726966,10175.8126726966,10175.8126726966,10175.8126726966,10175.8126726966,10175.8126726966,10175.8126726966,10175.8126726966,8527.85949838323,11416.2082149617,11416.2082149617,11416.2082149617,11416.2082149617,11416.2082149617,11416.2082149617,11416.2082149617,11416.2082149617,11416.2082149617,11416.2082149617,11416.2082149617,11416.2082149617,10444.5169988811,11416.2082149617,11416.2082149617,11416.2082149617,12798.0624791546,12798.0624791546,12798.0624791546,12798.0624791546,12798.0624791546,12798.0624791546,12798.0624791546,12798.0624791546,12798.0624791546,12798.0624791546,12798.0624791546,12798.0624791546,12798.0624791546,9803.91638087458,12798.0624791546,12798.0624791546,12798.0624791546,12798.0624791546,12798.0624791546,12798.0624791546,12798.0624791546,13663.9058346533,13663.9058346533
"Romanian",3978.78246727278,3978.78246727278,3978.78246727278,3978.78246727278,3978.78246727278,3978.78246727278,3978.78246727278,3978.78246727278,3978.78246727278,1605.7120298417,0,2738.6850034307,8891.1691552896,8891.1691552896,8891.1691552896,8891.1691552896,8891.1691552896,8891.1691552896,8891.1691552896,8891.1691552896,10175.8126726966,10175.8126726966,10175.8126726966,10175.8126726966,10175.8126726966,10175.8126726966,10175.8126726966,10175.8126726966,10175.8126726966,10175.8126726966,10175.8126726966,10175.8126726966,8527.85949838323,11416.2082149617,11416.2082149617,11416.2082149617,11416.2082149617,11416.2082149617,11416.2082149617,11416.2082149617,11416.2082149617,11416.2082149617,11416.2082149617,11416.2082149617,11416.2082149617,10444.5169988811,11416.2082149617,11416.2082149617,11416.2082149617,12798.0624791546,12798.0624791546,12798.0624791546,12798.0624791546,12798.0624791546,12798.0624791546,12798.0624791546,12798.0624791546,12798.0624791546,12798.0624791546,12798.0624791546,12798.0624791546,12798.0624791546,9803.91638087458,12798.0624791546,12798.0624791546,12798.0624791546,12798.0624791546,12798.0624791546,12798.0624791546,12798.0624791546,13663.9058346533,13663.9058346533
"Latin",2738.6850034307,2738.6850034307,2738.6850034307,2738.6850034307,2738.6850034307,2738.6850034307,2738.6850034307,2738.6850034307,2738.6850034307,2738.6850034307,2738.6850034307,0,6924.0463371314,6924.0463371314,6924.0463371314,6924.0463371314,6924.0463371314,6924.0463371314,6924.0463371314,6924.0463371314,8208.68985453843,8208.68985453843,8208.68985453843,8208.68985453843,8208.68985453843,8208.68985453843,8208.68985453843,8208.68985453843,8208.68985453843,8208.68985453843,8208.68985453843,8208.68985453843,6560.73668022503,9449.08539680351,9449.08539680351,9449.0853968035,9449.08539680353,9449.08539680353,9449.0853968035,9449.0853968035,9449.0853968035,9449.0853968035,9449.08539680353,9449.08539680353,9449.08539680353,8477.39418072291,9449.0853968035,9449.0853968035,9449.0853968035,10830.9396609964,10830.9396609964,10830.9396609964,10830.9396609964,10830.9396609964,10830.9396609964,10830.9396609964,10830.9396609964,10830.9396609964,10830.9396609964,10830.9396609964,10830.9396609964,10830.9396609964,7836.79356271638,10830.9396609964,10830.9396609964,10830.9396609964,10830.9396609964,10830.9396609964,10830.9396609964,10830.9396609964,11696.7830164951,11696.7830164951
"Breton",8891.1691552896,8891.1691552896,8891.1691552896,8891.1691552896,8891.1691552896,8891.1691552896,8891.1691552896,8891.1691552896,8891.1691552896,8891.1691552896,8891.1691552896,6924.0463371314,0,314.244182732004,853.195894189598,2058.3953543235,3095.643438384,3095.643438384,5742.1585000319,5742.1585000319,10175.8126726966,10175.8126726966,10175.8126726966,10175.8126726966,10175.8126726966,10175.8126726966,10175.8126726966,10175.8126726966,10175.8126726966,10175.8126726966,10175.8126726966,10175.8126726966,8527.85949838323,11416.2082149617,11416.2082149617,11416.2082149617,11416.2082149617,11416.2082149617,11416.2082149617,11416.2082149617,11416.2082149617,11416.2082149617,11416.2082149617,11416.2082149617,11416.2082149617,10444.5169988811,11416.2082149617,11416.2082149617,11416.2082149617,12798.0624791546,12798.0624791546,12798.0624791546,12798.0624791546,12798.0624791546,12798.0624791546,12798.0624791546,12798.0624791546,12798.0624791546,12798.0624791546,12798.0624791546,12798.0624791546,12798.0624791546,9803.91638087458,12798.0624791546,12798.0624791546,12798.0624791546,12798.0624791546,12798.0624791546,12798.0624791546,12798.0624791546,13663.9058346533,13663.9058346533
"Breton",8891.1691552896,8891.1691552896,8891.1691552896,8891.1691552896,8891.1691552896,8891.1691552896,8891.1691552896,8891.1691552896,8891.1691552896,8891.1691552896,8891.1691552896,6924.0463371314,314.244182732004,0,853.195894189598,2058.3953543235,3095.643438384,3095.643438384,5742.1585000319,5742.1585000319,10175.8126726966,10175.8126726966,10175.8126726966,10175.8126726966,10175.8126726966,10175.8126726966,10175.8126726966,10175.8126726966,10175.8126726966,10175.8126726966,10175.8126726966,10175.8126726966,8527.85949838323,11416.2082149617,11416.2082149617,11416.2082149617,11416.2082149617,11416.2082149617,11416.2082149617,11416.2082149617,11416.2082149617,11416.2082149617,11416.2082149617,11416.2082149617,11416.2082149617,10444.5169988811,11416.2082149617,11416.2082149617,11416.2082149617,12798.0624791546,12798.0624791546,12798.0624791546,12798.0624791546,12798.0624791546,12798.0624791546,12798.0624791546,12798.0624791546,12798.0624791546,12798.0624791546,12798.0624791546,12798.0624791546,12798.0624791546,9803.91638087458,12798.0624791546,12798.0624791546,12798.0624791546,12798.0624791546,12798.0624791546,12798.0624791546,12798.0624791546,13663.9058346533,13663.9058346533
"Breton",8891.1691552896,8891.1691552896,8891.1691552896,8891.1691552896,8891.1691552896,8891.1691552896,8891.1691552896,8891.1691552896,8891.1691552896,8891.1691552896,8891.1691552896,6924.0463371314,853.195894189598,853.195894189598,0,2058.3953543235,3095.643438384,3095.643438384,5742.1585000319,5742.1585000319,10175.8126726966,10175.8126726966,10175.8126726966,10175.8126726966,10175.8126726966,10175.8126726966,10175.8126726966,10175.8126726966,10175.8126726966,10175.8126726966,10175.8126726966,10175.8126726966,8527.85949838323,11416.2082149617,11416.2082149617,11416.2082149617,11416.2082149617,11416.2082149617,11416.2082149617,11416.2082149617,11416.2082149617,11416.2082149617,11416.2082149617,11416.2082149617,11416.2082149617,10444.5169988811,11416.2082149617,11416.2082149617,11416.2082149617,12798.0624791546,12798.0624791546,12798.0624791546,12798.0624791546,12798.0624791546,12798.0624791546,12798.0624791546,12798.0624791546,12798.0624791546,12798.0624791546,12798.0624791546,12798.0624791546,12798.0624791546,9803.91638087458,12798.0624791546,12798.0624791546,12798.0624791546,12798.0624791546,12798.0624791546,12798.0624791546,12798.0624791546,13663.9058346533,13663.9058346533
"Cornish",8891.1691552896,8891.1691552896,8891.1691552896,8891.1691552896,8891.1691552896,8891.1691552896,8891.1691552896,8891.1691552896,8891.1691552896,8891.1691552896,8891.1691552896,6924.0463371314,2058.3953543235,2058.3953543235,2058.3953543235,0,3095.643438384,3095.643438384,5742.1585000319,5742.1585000319,10175.8126726966,10175.8126726966,10175.8126726966,10175.8126726966,10175.8126726966,10175.8126726966,10175.8126726966,10175.8126726966,10175.8126726966,10175.8126726966,10175.8126726966,10175.8126726966,8527.85949838323,11416.2082149617,11416.2082149617,11416.2082149617,11416.2082149617,11416.2082149617,11416.2082149617,11416.2082149617,11416.2082149617,11416.2082149617,11416.2082149617,11416.2082149617,11416.2082149617,10444.5169988811,11416.2082149617,11416.2082149617,11416.2082149617,12798.0624791546,12798.0624791546,12798.0624791546,12798.0624791546,12798.0624791546,12798.0624791546,12798.0624791546,12798.0624791546,12798.0624791546,12798.0624791546,12798.0624791546,12798.0624791546,12798.0624791546,9803.91638087458,12798.0624791546,12798.0624791546,12798.0624791546,12798.0624791546,12798.0624791546,12798.0624791546,12798.0624791546,13663.9058346533,13663.9058346533
"Welsh",8891.1691552896,8891.1691552896,8891.1691552896,8891.1691552896,8891.1691552896,8891.1691552896,8891.1691552896,8891.1691552896,8891.1691552896,8891.1691552896,8891.1691552896,6924.0463371314,3095.643438384,3095.643438384,3095.643438384,3095.643438384,0,481.628238346729,5742.1585000319,5742.1585000319,10175.8126726966,10175.8126726966,10175.8126726966,10175.8126726966,10175.8126726966,10175.8126726966,10175.8126726966,10175.8126726966,10175.8126726966,10175.8126726966,10175.8126726966,10175.8126726966,8527.85949838323,11416.2082149617,11416.2082149617,11416.2082149617,11416.2082149617,11416.2082149617,11416.2082149617,11416.2082149617,11416.2082149617,11416.2082149617,11416.2082149617,11416.2082149617,11416.2082149617,10444.5169988811,11416.2082149617,11416.2082149617,11416.2082149617,12798.0624791546,12798.0624791546,12798.0624791546,12798.0624791546,12798.0624791546,12798.0624791546,12798.0624791546,12798.0624791546,12798.0624791546,12798.0624791546,12798.0624791546,12798.0624791546,12798.0624791546,9803.91638087458,12798.0624791546,12798.0624791546,12798.0624791546,12798.0624791546,12798.0624791546,12798.0624791546,12798.0624791546,13663.9058346533,13663.9058346533
"Welsh",8891.1691552896,8891.1691552896,8891.1691552896,8891.1691552896,8891.1691552896,8891.1691552896,8891.1691552896,8891.1691552896,8891.1691552896,8891.1691552896,8891.1691552896,6924.0463371314,3095.643438384,3095.643438384,3095.643438384,3095.643438384,481.628238346729,0,5742.1585000319,5742.1585000319,10175.8126726966,10175.8126726966,10175.8126726966,10175.8126726966,10175.8126726966,10175.8126726966,10175.8126726966,10175.8126726966,10175.8126726966,10175.8126726966,10175.8126726966,10175.8126726966,8527.85949838323,11416.2082149617,11416.2082149617,11416.2082149617,11416.2082149617,11416.2082149617,11416.2082149617,11416.2082149617,11416.2082149617,11416.2082149617,11416.2082149617,11416.2082149617,11416.2082149617,10444.5169988811,11416.2082149617,11416.2082149617,11416.2082149617,12798.0624791546,12798.0624791546,12798.0624791546,12798.0624791546,12798.0624791546,12798.0624791546,12798.0624791546,12798.0624791546,12798.0624791546,12798.0624791546,12798.0624791546,12798.0624791546,12798.0624791546,9803.91638087458,12798.0624791546,12798.0624791546,12798.0624791546,12798.0624791546,12798.0624791546,12798.0624791546,12798.0624791546,13663.9058346533,13663.9058346533
"Irish",8891.1691552896,8891.1691552896,8891.1691552896,8891.1691552896,8891.1691552896,8891.1691552896,8891.1691552896,8891.1691552896,8891.1691552896,8891.1691552896,8891.1691552896,6924.0463371314,5742.1585000319,5742.1585000319,5742.1585000319,5742.1585000319,5742.1585000319,5742.1585000319,0,1832.6199460009,10175.8126726966,10175.8126726966,10175.8126726966,10175.8126726966,10175.8126726966,10175.8126726966,10175.8126726966,10175.8126726966,10175.8126726966,10175.8126726966,10175.8126726966,10175.8126726966,8527.85949838323,11416.2082149617,11416.2082149617,11416.2082149617,11416.2082149617,11416.2082149617,11416.2082149617,11416.2082149617,11416.2082149617,11416.2082149617,11416.2082149617,11416.2082149617,11416.2082149617,10444.5169988811,11416.2082149617,11416.2082149617,11416.2082149617,12798.0624791546,12798.0624791546,12798.0624791546,12798.0624791546,12798.0624791546,12798.0624791546,12798.0624791546,12798.0624791546,12798.0624791546,12798.0624791546,12798.0624791546,12798.0624791546,12798.0624791546,9803.91638087458,12798.0624791546,12798.0624791546,12798.0624791546,12798.0624791546,12798.0624791546,12798.0624791546,12798.0624791546,13663.9058346533,13663.9058346533
"Scottish Gaelic",8891.1691552896,8891.1691552896,8891.1691552896,8891.1691552896,8891.1691552896,8891.1691552896,8891.1691552896,8891.1691552896,8891.1691552896,8891.1691552896,8891.1691552896,6924.0463371314,5742.1585000319,5742.1585000319,5742.1585000319,5742.1585000319,5742.1585000319,5742.1585000319,1832.6199460009,0,10175.8126726966,10175.8126726966,10175.8126726966,10175.8126726966,10175.8126726966,10175.8126726966,10175.8126726966,10175.8126726966,10175.8126726966,10175.8126726966,10175.8126726966,10175.8126726966,8527.85949838323,11416.2082149617,11416.2082149617,11416.2082149617,11416.2082149617,11416.2082149617,11416.2082149617,11416.2082149617,11416.2082149617,11416.2082149617,11416.2082149617,11416.2082149617,11416.2082149617,10444.5169988811,11416.2082149617,11416.2082149617,11416.2082149617,12798.0624791546,12798.0624791546,12798.0624791546,12798.0624791546,12798.0624791546,12798.0624791546,12798.0624791546,12798.0624791546,12798.0624791546,12798.0624791546,12798.0624791546,12798.0624791546,12798.0624791546,9803.91638087458,12798.0624791546,12798.0624791546,12798.0624791546,12798.0624791546,12798.0624791546,12798.0624791546,12798.0624791546,13663.9058346533,13663.9058346533
"Luxembourgish",10175.8126726966,10175.8126726966,10175.8126726966,10175.8126726966,10175.8126726966,10175.8126726966,10175.8126726966,10175.8126726966,10175.8126726966,10175.8126726966,10175.8126726966,8208.68985453843,10175.8126726966,10175.8126726966,10175.8126726966,10175.8126726966,10175.8126726966,10175.8126726966,10175.8126726966,10175.8126726966,0,737.100984774301,2750.7415782919,2750.7415782919,3131.1372503379,3792.6452347609,3792.6452347609,3792.6452347609,3792.6452347609,3792.6452347609,3792.6452347609,3792.6452347609,3224.92229511203,11416.2082149617,11416.2082149617,11416.2082149617,11416.2082149617,11416.2082149617,11416.2082149617,11416.2082149617,11416.2082149617,11416.2082149617,11416.2082149617,11416.2082149617,11416.2082149617,10444.5169988811,11416.2082149617,11416.2082149617,11416.2082149617,12798.0624791546,12798.0624791546,12798.0624791546,12798.0624791546,12798.0624791546,12798.0624791546,12798.0624791546,12798.0624791546,12798.0624791546,12798.0624791546,12798.0624791546,12798.0624791546,12798.0624791546,9803.91638087458,12798.0624791546,12798.0624791546,12798.0624791546,12798.0624791546,12798.0624791546,12798.0624791546,12798.0624791546,13663.9058346533,13663.9058346533
"German",10175.8126726966,10175.8126726966,10175.8126726966,10175.8126726966,10175.8126726966,10175.8126726966,10175.8126726966,10175.8126726966,10175.8126726966,10175.8126726966,10175.8126726966,8208.68985453843,10175.8126726966,10175.8126726966,10175.8126726966,10175.8126726966,10175.8126726966,10175.8126726966,10175.8126726966,10175.8126726966,737.100984774301,0,2750.7415782919,2750.7415782919,3131.1372503379,3792.6452347609,3792.6452347609,3792.6452347609,3792.6452347609,3792.6452347609,3792.6452347609,3792.6452347609,3224.92229511203,11416.2082149617,11416.2082149617,11416.2082149617,11416.2082149617,11416.2082149617,11416.2082149617,11416.2082149617,11416.2082149617,11416.2082149617,11416.2082149617,11416.2082149617,11416.2082149617,10444.5169988811,11416.2082149617,11416.2082149617,11416.2082149617,12798.0624791546,12798.0624791546,12798.0624791546,12798.0624791546,12798.0624791546,12798.0624791546,12798.0624791546,12798.0624791546,12798.0624791546,12798.0624791546,12798.0624791546,12798.0624791546,12798.0624791546,9803.91638087458,12798.0624791546,12798.0624791546,12798.0624791546,12798.0624791546,12798.0624791546,12798.0624791546,12798.0624791546,13663.9058346533,13663.9058346533
"West Flemish",10175.8126726966,10175.8126726966,10175.8126726966,10175.8126726966,10175.8126726966,10175.8126726966,10175.8126726966,10175.8126726966,10175.8126726966,10175.8126726966,10175.8126726966,8208.68985453843,10175.8126726966,10175.8126726966,10175.8126726966,10175.8126726966,10175.8126726966,10175.8126726966,10175.8126726966,10175.8126726966,2750.7415782919,2750.7415782919,0,609.149970514902,3131.1372503379,3792.6452347609,3792.6452347609,3792.6452347609,3792.6452347609,3792.6452347609,3792.6452347609,3792.6452347609,3224.92229511203,11416.2082149617,11416.2082149617,11416.2082149617,11416.2082149617,11416.2082149617,11416.2082149617,11416.2082149617,11416.2082149617,11416.2082149617,11416.2082149617,11416.2082149617,11416.2082149617,10444.5169988811,11416.2082149617,11416.2082149617,11416.2082149617,12798.0624791546,12798.0624791546,12798.0624791546,12798.0624791546,12798.0624791546,12798.0624791546,12798.0624791546,12798.0624791546,12798.0624791546,12798.0624791546,12798.0624791546,12798.0624791546,12798.0624791546,9803.91638087458,12798.0624791546,12798.0624791546,12798.0624791546,12798.0624791546,12798.0624791546,12798.0624791546,12798.0624791546,13663.9058346533,13663.9058346533
"Dutch",10175.8126726966,10175.8126726966,10175.8126726966,10175.8126726966,10175.8126726966,10175.8126726966,10175.8126726966,10175.8126726966,10175.8126726966,10175.8126726966,10175.8126726966,8208.68985453843,10175.8126726966,10175.8126726966,10175.8126726966,10175.8126726966,10175.8126726966,10175.8126726966,10175.8126726966,10175.8126726966,2750.7415782919,2750.7415782919,609.149970514902,0,3131.1372503379,3792.6452347609,3792.6452347609,3792.6452347609,3792.6452347609,3792.6452347609,3792.6452347609,3792.6452347609,3224.92229511203,11416.2082149617,11416.2082149617,11416.2082149617,11416.2082149617,11416.2082149617,11416.2082149617,11416.2082149617,11416.2082149617,11416.2082149617,11416.2082149617,11416.2082149617,11416.2082149617,10444.5169988811,11416.2082149617,11416.2082149617,11416.2082149617,12798.0624791546,12798.0624791546,12798.0624791546,12798.0624791546,12798.0624791546,12798.0624791546,12798.0624791546,12798.0624791546,12798.0624791546,12798.0624791546,12798.0624791546,12798.0624791546,12798.0624791546,9803.91638087458,12798.0624791546,12798.0624791546,12798.0624791546,12798.0624791546,12798.0624791546,12798.0624791546,12798.0624791546,13663.9058346533,13663.9058346533
"English",10175.8126726966,10175.8126726966,10175.8126726966,10175.8126726966,10175.8126726966,10175.8126726966,10175.8126726966,10175.8126726966,10175.8126726966,10175.8126726966,10175.8126726966,8208.68985453843,10175.8126726966,10175.8126726966,10175.8126726966,10175.8126726966,10175.8126726966,10175.8126726966,10175.8126726966,10175.8126726966,3131.1372503379,3131.1372503379,3131.1372503379,3131.1372503379,0,3792.6452347609,3792.6452347609,3792.6452347609,3792.6452347609,3792.6452347609,3792.6452347609,3792.6452347609,3224.92229511203,11416.2082149617,11416.2082149617,11416.2082149617,11416.2082149617,11416.2082149617,11416.2082149617,11416.2082149617,11416.2082149617,11416.2082149617,11416.2082149617,11416.2082149617,11416.2082149617,10444.5169988811,11416.2082149617,11416.2082149617,11416.2082149617,12798.0624791546,12798.0624791546,12798.0624791546,12798.0624791546,12798.0624791546,12798.0624791546,12798.0624791546,12798.0624791546,12798.0624791546,12798.0624791546,12798.0624791546,12798.0624791546,12798.0624791546,9803.91638087458,12798.0624791546,12798.0624791546,12798.0624791546,12798.0624791546,12798.0624791546,12798.0624791546,12798.0624791546,13663.9058346533,13663.9058346533
"Swedish",10175.8126726966,10175.8126726966,10175.8126726966,10175.8126726966,10175.8126726966,10175.8126726966,10175.8126726966,10175.8126726966,10175.8126726966,10175.8126726966,10175.8126726966,8208.68985453843,10175.8126726966,10175.8126726966,10175.8126726966,10175.8126726966,10175.8126726966,10175.8126726966,10175.8126726966,10175.8126726966,3792.6452347609,3792.6452347609,3792.6452347609,3792.6452347609,3792.6452347609,0,572.095675335817,980.270404121999,1444.7189287561,1444.7189287561,2626.1925432704,2626.1925432704,3224.92229511203,11416.2082149617,11416.2082149617,11416.2082149617,11416.2082149617,11416.2082149617,11416.2082149617,11416.2082149617,11416.2082149617,11416.2082149617,11416.2082149617,11416.2082149617,11416.2082149617,10444.5169988811,11416.2082149617,11416.2082149617,11416.2082149617,12798.0624791546,12798.0624791546,12798.0624791546,12798.0624791546,12798.0624791546,12798.0624791546,12798.0624791546,12798.0624791546,12798.0624791546,12798.0624791546,12798.0624791546,12798.0624791546,12798.0624791546,9803.91638087458,12798.0624791546,12798.0624791546,12798.0624791546,12798.0624791546,12798.0624791546,12798.0624791546,12798.0624791546,13663.9058346533,13663.9058346533
"Swedish",10175.8126726966,10175.8126726966,10175.8126726966,10175.8126726966,10175.8126726966,10175.8126726966,10175.8126726966,10175.8126726966,10175.8126726966,10175.8126726966,10175.8126726966,8208.68985453843,10175.8126726966,10175.8126726966,10175.8126726966,10175.8126726966,10175.8126726966,10175.8126726966,10175.8126726966,10175.8126726966,3792.6452347609,3792.6452347609,3792.6452347609,3792.6452347609,3792.6452347609,572.095675335817,0,980.270404121999,1444.7189287561,1444.7189287561,2626.1925432704,2626.1925432704,3224.92229511203,11416.2082149617,11416.2082149617,11416.2082149617,11416.2082149617,11416.2082149617,11416.2082149617,11416.2082149617,11416.2082149617,11416.2082149617,11416.2082149617,11416.2082149617,11416.2082149617,10444.5169988811,11416.2082149617,11416.2082149617,11416.2082149617,12798.0624791546,12798.0624791546,12798.0624791546,12798.0624791546,12798.0624791546,12798.0624791546,12798.0624791546,12798.0624791546,12798.0624791546,12798.0624791546,12798.0624791546,12798.0624791546,12798.0624791546,9803.91638087458,12798.0624791546,12798.0624791546,12798.0624791546,12798.0624791546,12798.0624791546,12798.0624791546,12798.0624791546,13663.9058346533,13663.9058346533
"Swedish",10175.8126726966,10175.8126726966,10175.8126726966,10175.8126726966,10175.8126726966,10175.8126726966,10175.8126726966,10175.8126726966,10175.8126726966,10175.8126726966,10175.8126726966,8208.68985453843,10175.8126726966,10175.8126726966,10175.8126726966,10175.8126726966,10175.8126726966,10175.8126726966,10175.8126726966,10175.8126726966,3792.6452347609,3792.6452347609,3792.6452347609,3792.6452347609,3792.6452347609,980.270404121999,980.270404121999,0,1444.7189287561,1444.7189287561,2626.1925432704,2626.1925432704,3224.92229511203,11416.2082149617,11416.2082149617,11416.2082149617,11416.2082149617,11416.2082149617,11416.2082149617,11416.2082149617,11416.2082149617,11416.2082149617,11416.2082149617,11416.2082149617,11416.2082149617,10444.5169988811,11416.2082149617,11416.2082149617,11416.2082149617,12798.0624791546,12798.0624791546,12798.0624791546,12798.0624791546,12798.0624791546,12798.0624791546,12798.0624791546,12798.0624791546,12798.0624791546,12798.0624791546,12798.0624791546,12798.0624791546,12798.0624791546,9803.91638087458,12798.0624791546,12798.0624791546,12798.0624791546,12798.0624791546,12798.0624791546,12798.0624791546,12798.0624791546,13663.9058346533,13663.9058346533
"Norwegian (Bokmål)",10175.8126726966,10175.8126726966,10175.8126726966,10175.8126726966,10175.8126726966,10175.8126726966,10175.8126726966,10175.8126726966,10175.8126726966,10175.8126726966,10175.8126726966,8208.68985453843,10175.8126726966,10175.8126726966,10175.8126726966,10175.8126726966,10175.8126726966,10175.8126726966,10175.8126726966,10175.8126726966,3792.6452347609,3792.6452347609,3792.6452347609,3792.6452347609,3792.6452347609,1444.7189287561,1444.7189287561,1444.7189287561,0,673.716013766501,2626.1925432704,2626.1925432704,3224.92229511203,11416.2082149617,11416.2082149617,11416.2082149617,11416.2082149617,11416.2082149617,11416.2082149617,11416.2082149617,11416.2082149617,11416.2082149617,11416.2082149617,11416.2082149617,11416.2082149617,10444.5169988811,11416.2082149617,11416.2082149617,11416.2082149617,12798.0624791546,12798.0624791546,12798.0624791546,12798.0624791546,12798.0624791546,12798.0624791546,12798.0624791546,12798.0624791546,12798.0624791546,12798.0624791546,12798.0624791546,12798.0624791546,12798.0624791546,9803.91638087458,12798.0624791546,12798.0624791546,12798.0624791546,12798.0624791546,12798.0624791546,12798.0624791546,12798.0624791546,13663.9058346533,13663.9058346533
"Danish",10175.8126726966,10175.8126726966,10175.8126726966,10175.8126726966,10175.8126726966,10175.8126726966,10175.8126726966,10175.8126726966,10175.8126726966,10175.8126726966,10175.8126726966,8208.68985453843,10175.8126726966,10175.8126726966,10175.8126726966,10175.8126726966,10175.8126726966,10175.8126726966,10175.8126726966,10175.8126726966,3792.6452347609,3792.6452347609,3792.6452347609,3792.6452347609,3792.6452347609,1444.7189287561,1444.7189287561,1444.7189287561,673.716013766501,0,2626.1925432704,2626.1925432704,3224.92229511203,11416.2082149617,11416.2082149617,11416.2082149617,11416.2082149617,11416.2082149617,11416.2082149617,11416.2082149617,11416.2082149617,11416.2082149617,11416.2082149617,11416.2082149617,11416.2082149617,10444.5169988811,11416.2082149617,11416.2082149617,11416.2082149617,12798.0624791546,12798.0624791546,12798.0624791546,12798.0624791546,12798.0624791546,12798.0624791546,12798.0624791546,12798.0624791546,12798.0624791546,12798.0624791546,12798.0624791546,12798.0624791546,12798.0624791546,9803.91638087458,12798.0624791546,12798.0624791546,12798.0624791546,12798.0624791546,12798.0624791546,12798.0624791546,12798.0624791546,13663.9058346533,13663.9058346533
"Faroese",10175.8126726966,10175.8126726966,10175.8126726966,10175.8126726966,10175.8126726966,10175.8126726966,10175.8126726966,10175.8126726966,10175.8126726966,10175.8126726966,10175.8126726966,8208.68985453843,10175.8126726966,10175.8126726966,10175.8126726966,10175.8126726966,10175.8126726966,10175.8126726966,10175.8126726966,10175.8126726966,3792.6452347609,3792.6452347609,3792.6452347609,3792.6452347609,3792.6452347609,2626.1925432704,2626.1925432704,2626.1925432704,2626.1925432704,2626.1925432704,0,709.565327769096,3224.92229511203,11416.2082149617,11416.2082149617,11416.2082149617,11416.2082149617,11416.2082149617,11416.2082149617,11416.2082149617,11416.2082149617,11416.2082149617,11416.2082149617,11416.2082149617,11416.2082149617,10444.5169988811,11416.2082149617,11416.2082149617,11416.2082149617,12798.0624791546,12798.0624791546,12798.0624791546,12798.0624791546,12798.0624791546,12798.0624791546,12798.0624791546,12798.0624791546,12798.0624791546,12798.0624791546,12798.0624791546,12798.0624791546,12798.0624791546,9803.91638087458,12798.0624791546,12798.0624791546,12798.0624791546,12798.0624791546,12798.0624791546,12798.0624791546,12798.0624791546,13663.9058346533,13663.9058346533
"Icelandic",10175.8126726966,10175.8126726966,10175.8126726966,10175.8126726966,10175.8126726966,10175.8126726966,10175.8126726966,10175.8126726966,10175.8126726966,10175.8126726966,10175.8126726966,8208.68985453843,10175.8126726966,10175.8126726966,10175.8126726966,10175.8126726966,10175.8126726966,10175.8126726966,10175.8126726966,10175.8126726966,3792.6452347609,3792.6452347609,3792.6452347609,3792.6452347609,3792.6452347609,2626.1925432704,2626.1925432704,2626.1925432704,2626.1925432704,2626.1925432704,709.565327769096,0,3224.92229511203,11416.2082149617,11416.2082149617,11416.2082149617,11416.2082149617,11416.2082149617,11416.2082149617,11416.2082149617,11416.2082149617,11416.2082149617,11416.2082149617,11416.2082149617,11416.2082149617,10444.5169988811,11416.2082149617,11416.2082149617,11416.2082149617,12798.0624791546,12798.0624791546,12798.0624791546,12798.0624791546,12798.0624791546,12798.0624791546,12798.0624791546,12798.0624791546,12798.0624791546,12798.0624791546,12798.0624791546,12798.0624791546,12798.0624791546,9803.91638087458,12798.0624791546,12798.0624791546,12798.0624791546,12798.0624791546,12798.0624791546,12798.0624791546,12798.0624791546,13663.9058346533,13663.9058346533
"Gothic",8527.85949838323,8527.85949838323,8527.85949838323,8527.85949838323,8527.85949838323,8527.85949838323,8527.85949838323,8527.85949838323,8527.85949838323,8527.85949838323,8527.85949838323,6560.73668022503,8527.85949838323,8527.85949838323,8527.85949838323,8527.85949838323,8527.85949838323,8527.85949838323,8527.85949838323,8527.85949838323,3224.92229511203,3224.92229511203,3224.92229511203,3224.92229511203,3224.92229511203,3224.92229511203,3224.92229511203,3224.92229511203,3224.92229511203,3224.92229511203,3224.92229511203,3224.92229511203,0,9768.25504064831,9768.25504064831,9768.2550406483,9768.25504064833,9768.25504064833,9768.25504064831,9768.25504064831,9768.25504064831,9768.2550406483,9768.25504064834,9768.25504064834,9768.25504064834,8796.56382456771,9768.2550406483,9768.2550406483,9768.2550406483,11150.1093048412,11150.1093048412,11150.1093048412,11150.1093048412,11150.1093048412,11150.1093048412,11150.1093048412,11150.1093048412,11150.1093048412,11150.1093048412,11150.1093048412,11150.1093048412,11150.1093048412,8155.96320656118,11150.1093048412,11150.1093048412,11150.1093048412,11150.1093048412,11150.1093048412,11150.1093048412,11150.1093048412,12015.9526603399,12015.9526603399
"Czech",11416.2082149617,11416.2082149617,11416.2082149617,11416.2082149617,11416.2082149617,11416.2082149617,11416.2082149617,11416.2082149617,11416.2082149617,11416.2082149617,11416.2082149617,9449.08539680351,11416.2082149617,11416.2082149617,11416.2082149617,11416.2082149617,11416.2082149617,11416.2082149617,11416.2082149617,11416.2082149617,11416.2082149617,11416.2082149617,11416.2082149617,11416.2082149617,11416.2082149617,11416.2082149617,11416.2082149617,11416.2082149617,11416.2082149617,11416.2082149617,11416.2082149617,11416.2082149617,9768.25504064831,0,632.482764478009,978.695518318405,1641.95218561843,1641.95218561843,2422.58524090475,2422.58524090475,2422.58524090475,2422.58524090475,3223.85239296283,3223.85239296283,3223.85239296283,2252.16117688221,3223.8523929628,6239.2106625623,6239.2106625623,12798.0624791546,12798.0624791546,12798.0624791546,12798.0624791546,12798.0624791546,12798.0624791546,12798.0624791546,12798.0624791546,12798.0624791546,12798.0624791546,12798.0624791546,12798.0624791546,12798.0624791546,9803.91638087458,12798.0624791546,12798.0624791546,12798.0624791546,12798.0624791546,12798.0624791546,12798.0624791546,12798.0624791546,13663.9058346533,13663.9058346533
"Czech",11416.2082149617,11416.2082149617,11416.2082149617,11416.2082149617,11416.2082149617,11416.2082149617,11416.2082149617,11416.2082149617,11416.2082149617,11416.2082149617,11416.2082149617,9449.08539680351,11416.2082149617,11416.2082149617,11416.2082149617,11416.2082149617,11416.2082149617,11416.2082149617,11416.2082149617,11416.2082149617,11416.2082149617,11416.2082149617,11416.2082149617,11416.2082149617,11416.2082149617,11416.2082149617,11416.2082149617,11416.2082149617,11416.2082149617,11416.2082149617,11416.2082149617,11416.2082149617,9768.25504064831,632.482764478009,0,978.695518318405,1641.95218561843,1641.95218561843,2422.58524090475,2422.58524090475,2422.58524090475,2422.58524090475,3223.85239296283,3223.85239296283,3223.85239296283,2252.16117688221,3223.8523929628,6239.2106625623,6239.2106625623,12798.0624791546,12798.0624791546,12798.0624791546,12798.0624791546,12798.0624791546,12798.0624791546,12798.0624791546,12798.0624791546,12798.0624791546,12798.0624791546,12798.0624791546,12798.0624791546,12798.0624791546,9803.91638087458,12798.0624791546,12798.0624791546,12798.0624791546,12798.0624791546,12798.0624791546,12798.0624791546,12798.0624791546,13663.9058346533,13663.9058346533
"Slovak",11416.2082149617,11416.2082149617,11416.2082149617,11416.2082149617,11416.2082149617,11416.2082149617,11416.2082149617,11416.2082149617,11416.2082149617,11416.2082149617,11416.2082149617,9449.0853968035,11416.2082149617,11416.2082149617,11416.2082149617,11416.2082149617,11416.2082149617,11416.2082149617,11416.2082149617,11416.2082149617,11416.2082149617,11416.2082149617,11416.2082149617,11416.2082149617,11416.2082149617,11416.2082149617,11416.2082149617,11416.2082149617,11416.2082149617,11416.2082149617,11416.2082149617,11416.2082149617,9768.2550406483,978.695518318405,978.695518318405,0,1641.95218561843,1641.95218561843,2422.58524090474,2422.58524090474,2422.58524090474,2422.58524090474,3223.85239296283,3223.85239296283,3223.85239296283,2252.16117688221,3223.8523929628,6239.2106625623,6239.2106625623,12798.0624791546,12798.0624791546,12798.0624791546,12798.0624791546,12798.0624791546,12798.0624791546,12798.0624791546,12798.0624791546,12798.0624791546,12798.0624791546,12798.0624791546,12798.0624791546,12798.0624791546,9803.91638087458,12798.0624791546,12798.0624791546,12798.0624791546,12798.0624791546,12798.0624791546,12798.0624791546,12798.0624791546,13663.9058346533,13663.9058346533
"Upper Sorbian",11416.2082149617,11416.2082149617,11416.2082149617,11416.2082149617,11416.2082149617,11416.2082149617,11416.2082149617,11416.2082149617,11416.2082149617,11416.2082149617,11416.2082149617,9449.08539680353,11416.2082149617,11416.2082149617,11416.2082149617,11416.2082149617,11416.2082149617,11416.2082149617,11416.2082149617,11416.2082149617,11416.2082149617,11416.2082149617,11416.2082149617,11416.2082149617,11416.2082149617,11416.2082149617,11416.2082149617,11416.2082149617,11416.2082149617,11416.2082149617,11416.2082149617,11416.2082149617,9768.25504064833,1641.95218561843,1641.95218561843,1641.95218561843,0,180.952259516961,2422.58524090477,2422.58524090477,2422.58524090477,2422.58524090477,3223.85239296286,3223.85239296286,3223.85239296286,2252.16117688223,3223.85239296283,6239.21066256233,6239.21066256233,12798.0624791547,12798.0624791547,12798.0624791546,12798.0624791546,12798.0624791546,12798.0624791546,12798.0624791546,12798.0624791546,12798.0624791546,12798.0624791546,12798.0624791546,12798.0624791546,12798.0624791546,9803.91638087461,12798.0624791547,12798.0624791547,12798.0624791547,12798.0624791547,12798.0624791546,12798.0624791546,12798.0624791546,13663.9058346533,13663.9058346533
"Lower Sorbian",11416.2082149617,11416.2082149617,11416.2082149617,11416.2082149617,11416.2082149617,11416.2082149617,11416.2082149617,11416.2082149617,11416.2082149617,11416.2082149617,11416.2082149617,9449.08539680353,11416.2082149617,11416.2082149617,11416.2082149617,11416.2082149617,11416.2082149617,11416.2082149617,11416.2082149617,11416.2082149617,11416.2082149617,11416.2082149617,11416.2082149617,11416.2082149617,11416.2082149617,11416.2082149617,11416.2082149617,11416.2082149617,11416.2082149617,11416.2082149617,11416.2082149617,11416.2082149617,9768.25504064833,1641.95218561843,1641.95218561843,1641.95218561843,180.952259516961,0,2422.58524090477,2422.58524090477,2422.58524090477,2422.58524090477,3223.85239296286,3223.85239296286,3223.85239296286,2252.16117688223,3223.85239296283,6239.21066256233,6239.21066256233,12798.0624791547,12798.0624791547,12798.0624791546,12798.0624791546,12798.0624791546,12798.0624791546,12798.0624791546,12798.0624791546,12798.0624791546,12798.0624791546,12798.0624791546,12798.0624791546,12798.0624791546,9803.91638087461,12798.0624791547,12798.0624791547,12798.0624791547,12798.0624791547,12798.0624791546,12798.0624791546,12798.0624791546,13663.9058346533,13663.9058346533
"Polish",11416.2082149617,11416.2082149617,11416.2082149617,11416.2082149617,11416.2082149617,11416.2082149617,11416.2082149617,11416.2082149617,11416.2082149617,11416.2082149617,11416.2082149617,9449.0853968035,11416.2082149617,11416.2082149617,11416.2082149617,11416.2082149617,11416.2082149617,11416.2082149617,11416.2082149617,11416.2082149617,11416.2082149617,11416.2082149617,11416.2082149617,11416.2082149617,11416.2082149617,11416.2082149617,11416.2082149617,11416.2082149617,11416.2082149617,11416.2082149617,11416.2082149617,11416.2082149617,9768.25504064831,2422.58524090475,2422.58524090475,2422.58524090474,2422.58524090477,2422.58524090477,0,994.007335922406,1423.7862984286,1910.99114243062,3223.85239296283,3223.85239296283,3223.85239296283,2252.16117688221,3223.8523929628,6239.2106625623,6239.2106625623,12798.0624791546,12798.0624791546,12798.0624791546,12798.0624791546,12798.0624791546,12798.0624791546,12798.0624791546,12798.0624791546,12798.0624791546,12798.0624791546,12798.0624791546,12798.0624791546,12798.0624791546,9803.91638087458,12798.0624791546,12798.0624791546,12798.0624791546,12798.0624791546,12798.0624791546,12798.0624791546,12798.0624791546,13663.9058346533,13663.9058346533
"Belarusian",11416.2082149617,11416.2082149617,11416.2082149617,11416.2082149617,11416.2082149617,11416.2082149617,11416.2082149617,11416.2082149617,11416.2082149617,11416.2082149617,11416.2082149617,9449.0853968035,11416.2082149617,11416.2082149617,11416.2082149617,11416.2082149617,11416.2082149617,11416.2082149617,11416.2082149617,11416.2082149617,11416.2082149617,11416.2082149617,11416.2082149617,11416.2082149617,11416.2082149617,11416.2082149617,11416.2082149617,11416.2082149617,11416.2082149617,11416.2082149617,11416.2082149617,11416.2082149617,9768.25504064831,2422.58524090475,2422.58524090475,2422.58524090474,2422.58524090477,2422.58524090477,994.007335922406,0,1423.7862984286,1910.99114243062,3223.85239296283,3223.85239296283,3223.85239296283,2252.16117688221,3223.8523929628,6239.2106625623,6239.2106625623,12798.0624791546,12798.0624791546,12798.0624791546,12798.0624791546,12798.0624791546,12798.0624791546,12798.0624791546,12798.0624791546,12798.0624791546,12798.0624791546,12798.0624791546,12798.0624791546,12798.0624791546,9803.91638087458,12798.0624791546,12798.0624791546,12798.0624791546,12798.0624791546,12798.0624791546,12798.0624791546,12798.0624791546,13663.9058346533,13663.9058346533
"Ukrainian",11416.2082149617,11416.2082149617,11416.2082149617,11416.2082149617,11416.2082149617,11416.2082149617,11416.2082149617,11416.2082149617,11416.2082149617,11416.2082149617,11416.2082149617,9449.0853968035,11416.2082149617,11416.2082149617,11416.2082149617,11416.2082149617,11416.2082149617,11416.2082149617,11416.2082149617,11416.2082149617,11416.2082149617,11416.2082149617,11416.2082149617,11416.2082149617,11416.2082149617,11416.2082149617,11416.2082149617,11416.2082149617,11416.2082149617,11416.2082149617,11416.2082149617,11416.2082149617,9768.25504064831,2422.58524090475,2422.58524090475,2422.58524090474,2422.58524090477,2422.58524090477,1423.7862984286,1423.7862984286,0,1910.99114243062,3223.85239296283,3223.85239296283,3223.85239296283,2252.16117688221,3223.8523929628,6239.2106625623,6239.2106625623,12798.0624791546,12798.0624791546,12798.0624791546,12798.0624791546,12798.0624791546,12798.0624791546,12798.0624791546,12798.0624791546,12798.0624791546,12798.0624791546,12798.0624791546,12798.0624791546,12798.0624791546,9803.91638087458,12798.0624791546,12798.0624791546,12798.0624791546,12798.0624791546,12798.0624791546,12798.0624791546,12798.0624791546,13663.9058346533,13663.9058346533
"Russian",11416.2082149617,11416.2082149617,11416.2082149617,11416.2082149617,11416.2082149617,11416.2082149617,11416.2082149617,11416.2082149617,11416.2082149617,11416.2082149617,11416.2082149617,9449.0853968035,11416.2082149617,11416.2082149617,11416.2082149617,11416.2082149617,11416.2082149617,11416.2082149617,11416.2082149617,11416.2082149617,11416.2082149617,11416.2082149617,11416.2082149617,11416.2082149617,11416.2082149617,11416.2082149617,11416.2082149617,11416.2082149617,11416.2082149617,11416.2082149617,11416.2082149617,11416.2082149617,9768.2550406483,2422.58524090475,2422.58524090475,2422.58524090474,2422.58524090477,2422.58524090477,1910.99114243062,1910.99114243062,1910.99114243062,0,3223.85239296283,3223.85239296283,3223.85239296283,2252.16117688221,3223.8523929628,6239.2106625623,6239.2106625623,12798.0624791546,12798.0624791546,12798.0624791546,12798.0624791546,12798.0624791546,12798.0624791546,12798.0624791546,12798.0624791546,12798.0624791546,12798.0624791546,12798.0624791546,12798.0624791546,12798.0624791546,9803.91638087458,12798.0624791546,12798.0624791546,12798.0624791546,12798.0624791546,12798.0624791546,12798.0624791546,12798.0624791546,13663.9058346533,13663.9058346533
"Bulgarian",11416.2082149617,11416.2082149617,11416.2082149617,11416.2082149617,11416.2082149617,11416.2082149617,11416.2082149617,11416.2082149617,11416.2082149617,11416.2082149617,11416.2082149617,9449.08539680353,11416.2082149617,11416.2082149617,11416.2082149617,11416.2082149617,11416.2082149617,11416.2082149617,11416.2082149617,11416.2082149617,11416.2082149617,11416.2082149617,11416.2082149617,11416.2082149617,11416.2082149617,11416.2082149617,11416.2082149617,11416.2082149617,11416.2082149617,11416.2082149617,11416.2082149617,11416.2082149617,9768.25504064834,3223.85239296283,3223.85239296283,3223.85239296283,3223.85239296286,3223.85239296286,3223.85239296283,3223.85239296283,3223.85239296283,3223.85239296283,0,1053.6501215832,1772.55980275056,1561.23524873826,2736.24667147533,6239.21066256233,6239.21066256233,12798.0624791547,12798.0624791547,12798.0624791546,12798.0624791546,12798.0624791546,12798.0624791546,12798.0624791546,12798.0624791546,12798.0624791546,12798.0624791546,12798.0624791546,12798.0624791546,12798.0624791546,9803.91638087461,12798.0624791547,12798.0624791547,12798.0624791547,12798.0624791547,12798.0624791546,12798.0624791546,12798.0624791546,13663.9058346533,13663.9058346533
"Macedonian",11416.2082149617,11416.2082149617,11416.2082149617,11416.2082149617,11416.2082149617,11416.2082149617,11416.2082149617,11416.2082149617,11416.2082149617,11416.2082149617,11416.2082149617,9449.08539680353,11416.2082149617,11416.2082149617,11416.2082149617,11416.2082149617,11416.2082149617,11416.2082149617,11416.2082149617,11416.2082149617,11416.2082149617,11416.2082149617,11416.2082149617,11416.2082149617,11416.2082149617,11416.2082149617,11416.2082149617,11416.2082149617,11416.2082149617,11416.2082149617,11416.2082149617,11416.2082149617,9768.25504064834,3223.85239296283,3223.85239296283,3223.85239296283,3223.85239296286,3223.85239296286,3223.85239296283,3223.85239296283,3223.85239296283,3223.85239296283,1053.6501215832,0,1772.55980275056,1561.23524873826,2736.24667147533,6239.21066256233,6239.21066256233,12798.0624791547,12798.0624791547,12798.0624791546,12798.0624791546,12798.0624791546,12798.0624791546,12798.0624791546,12798.0624791546,12798.0624791546,12798.0624791546,12798.0624791546,12798.0624791546,12798.0624791546,9803.91638087461,12798.0624791547,12798.0624791547,12798.0624791547,12798.0624791547,12798.0624791546,12798.0624791546,12798.0624791546,13663.9058346533,13663.9058346533
"Serbian",11416.2082149617,11416.2082149617,11416.2082149617,11416.2082149617,11416.2082149617,11416.2082149617,11416.2082149617,11416.2082149617,11416.2082149617,11416.2082149617,11416.2082149617,9449.08539680353,11416.2082149617,11416.2082149617,11416.2082149617,11416.2082149617,11416.2082149617,11416.2082149617,11416.2082149617,11416.2082149617,11416.2082149617,11416.2082149617,11416.2082149617,11416.2082149617,11416.2082149617,11416.2082149617,11416.2082149617,11416.2082149617,11416.2082149617,11416.2082149617,11416.2082149617,11416.2082149617,9768.25504064834,3223.85239296283,3223.85239296283,3223.85239296283,3223.85239296286,3223.85239296286,3223.85239296283,3223.85239296283,3223.85239296283,3223.85239296283,1772.55980275056,1772.55980275056,0,1561.23524873826,2736.24667147533,6239.21066256233,6239.21066256233,12798.0624791547,12798.0624791547,12798.0624791546,12798.0624791546,12798.0624791546,12798.0624791546,12798.0624791546,12798.0624791546,12798.0624791546,12798.0624791546,12798.0624791546,12798.0624791546,12798.0624791546,9803.91638087461,12798.0624791547,12798.0624791547,12798.0624791547,12798.0624791547,12798.0624791546,12798.0624791546,12798.0624791546,13663.9058346533,13663.9058346533
"Old Church Slavonic",10444.5169988811,10444.5169988811,10444.5169988811,10444.5169988811,10444.5169988811,10444.5169988811,10444.5169988811,10444.5169988811,10444.5169988811,10444.5169988811,10444.5169988811,8477.39418072291,10444.5169988811,10444.5169988811,10444.5169988811,10444.5169988811,10444.5169988811,10444.5169988811,10444.5169988811,10444.5169988811,10444.5169988811,10444.5169988811,10444.5169988811,10444.5169988811,10444.5169988811,10444.5169988811,10444.5169988811,10444.5169988811,10444.5169988811,10444.5169988811,10444.5169988811,10444.5169988811,8796.56382456771,2252.16117688221,2252.16117688221,2252.16117688221,2252.16117688223,2252.16117688223,2252.16117688221,2252.16117688221,2252.16117688221,2252.16117688221,1561.23524873826,1561.23524873826,1561.23524873826,0,1764.55545539471,5267.51944648171,5267.51944648171,11826.371263074,11826.371263074,11826.371263074,11826.371263074,11826.371263074,11826.371263074,11826.371263074,11826.371263074,11826.371263074,11826.371263074,11826.371263074,11826.371263074,11826.371263074,8832.22516479398,11826.371263074,11826.371263074,11826.371263074,11826.371263074,11826.371263074,11826.371263074,11826.371263074,12692.2146185727,12692.2146185727
"Slovenian",11416.2082149617,11416.2082149617,11416.2082149617,11416.2082149617,11416.2082149617,11416.2082149617,11416.2082149617,11416.2082149617,11416.2082149617,11416.2082149617,11416.2082149617,9449.0853968035,11416.2082149617,11416.2082149617,11416.2082149617,11416.2082149617,11416.2082149617,11416.2082149617,11416.2082149617,11416.2082149617,11416.2082149617,11416.2082149617,11416.2082149617,11416.2082149617,11416.2082149617,11416.2082149617,11416.2082149617,11416.2082149617,11416.2082149617,11416.2082149617,11416.2082149617,11416.2082149617,9768.2550406483,3223.8523929628,3223.8523929628,3223.8523929628,3223.85239296283,3223.85239296283,3223.8523929628,3223.8523929628,3223.8523929628,3223.8523929628,2736.24667147533,2736.24667147533,2736.24667147533,1764.55545539471,0,6239.2106625623,6239.2106625623,12798.0624791546,12798.0624791546,12798.0624791546,12798.0624791546,12798.0624791546,12798.0624791546,12798.0624791546,12798.0624791546,12798.0624791546,12798.0624791546,12798.0624791546,12798.0624791546,12798.0624791546,9803.91638087458,12798.0624791546,12798.0624791546,12798.0624791546,12798.0624791546,12798.0624791546,12798.0624791546,12798.0624791546,13663.9058346533,13663.9058346533
"Latvian",11416.2082149617,11416.2082149617,11416.2082149617,11416.2082149617,11416.2082149617,11416.2082149617,11416.2082149617,11416.2082149617,11416.2082149617,11416.2082149617,11416.2082149617,9449.0853968035,11416.2082149617,11416.2082149617,11416.2082149617,11416.2082149617,11416.2082149617,11416.2082149617,11416.2082149617,11416.2082149617,11416.2082149617,11416.2082149617,11416.2082149617,11416.2082149617,11416.2082149617,11416.2082149617,11416.2082149617,11416.2082149617,11416.2082149617,11416.2082149617,11416.2082149617,11416.2082149617,9768.2550406483,6239.2106625623,6239.2106625623,6239.2106625623,6239.21066256233,6239.21066256233,6239.2106625623,6239.2106625623,6239.2106625623,6239.2106625623,6239.21066256233,6239.21066256233,6239.21066256233,5267.51944648171,6239.2106625623,0,2694.18429642065,12798.0624791546,12798.0624791546,12798.0624791546,12798.0624791546,12798.0624791546,12798.0624791546,12798.0624791546,12798.0624791546,12798.0624791546,12798.0624791546,12798.0624791546,12798.0624791546,12798.0624791546,9803.91638087458,12798.0624791546,12798.0624791546,12798.0624791546,12798.0624791546,12798.0624791546,12798.0624791546,12798.0624791546,13663.9058346533,13663.9058346533
"Lithuanian",11416.2082149617,11416.2082149617,11416.2082149617,11416.2082149617,11416.2082149617,11416.2082149617,11416.2082149617,11416.2082149617,11416.2082149617,11416.2082149617,11416.2082149617,9449.0853968035,11416.2082149617,11416.2082149617,11416.2082149617,11416.2082149617,11416.2082149617,11416.2082149617,11416.2082149617,11416.2082149617,11416.2082149617,11416.2082149617,11416.2082149617,11416.2082149617,11416.2082149617,11416.2082149617,11416.2082149617,11416.2082149617,11416.2082149617,11416.2082149617,11416.2082149617,11416.2082149617,9768.2550406483,6239.2106625623,6239.2106625623,6239.2106625623,6239.21066256233,6239.21066256233,6239.2106625623,6239.2106625623,6239.2106625623,6239.2106625623,6239.21066256233,6239.21066256233,6239.21066256233,5267.51944648171,6239.2106625623,2694.18429642065,0,12798.0624791546,12798.0624791546,12798.0624791546,12798.0624791546,12798.0624791546,12798.0624791546,12798.0624791546,12798.0624791546,12798.0624791546,12798.0624791546,12798.0624791546,12798.0624791546,12798.0624791546,9803.91638087458,12798.0624791546,12798.0624791546,12798.0624791546,12798.0624791546,12798.0624791546,12798.0624791546,12798.0624791546,13663.9058346533,13663.9058346533
"Western Punjabi",12798.0624791546,12798.0624791546,12798.0624791546,12798.0624791546,12798.0624791546,12798.0624791546,12798.0624791546,12798.0624791546,12798.0624791546,12798.0624791546,12798.0624791546,10830.9396609964,12798.0624791546,12798.0624791546,12798.0624791546,12798.0624791546,12798.0624791546,12798.0624791546,12798.0624791546,12798.0624791546,12798.0624791546,12798.0624791546,12798.0624791546,12798.0624791546,12798.0624791546,12798.0624791546,12798.0624791546,12798.0624791546,12798.0624791546,12798.0624791546,12798.0624791546,12798.0624791546,11150.1093048412,12798.0624791546,12798.0624791546,12798.0624791546,12798.0624791547,12798.0624791547,12798.0624791546,12798.0624791546,12798.0624791546,12798.0624791546,12798.0624791547,12798.0624791547,12798.0624791547,11826.371263074,12798.0624791546,12798.0624791546,12798.0624791546,0,994.98322587975,1572.0852319903,2521.09474560462,3400.23645940442,3400.23645940442,3962.42016691778,4603.50427855632,4603.50427855632,4603.50427855632,5803.17599114418,5803.17599114418,7108.69038267662,5898.5767217911,9768.38625615774,9768.38625615774,9768.38625615776,9768.38625615774,12004.6564016883,12004.6564016883,12004.6564016883,13663.9058346533,13663.9058346533
"Urdu",12798.0624791546,12798.0624791546,12798.0624791546,12798.0624791546,12798.0624791546,12798.0624791546,12798.0624791546,12798.0624791546,12798.0624791546,12798.0624791546,12798.0624791546,10830.9396609964,12798.0624791546,12798.0624791546,12798.0624791546,12798.0624791546,12798.0624791546,12798.0624791546,12798.0624791546,12798.0624791546,12798.0624791546,12798.0624791546,12798.0624791546,12798.0624791546,12798.0624791546,12798.0624791546,12798.0624791546,12798.0624791546,12798.0624791546,12798.0624791546,12798.0624791546,12798.0624791546,11150.1093048412,12798.0624791546,12798.0624791546,12798.0624791546,12798.0624791547,12798.0624791547,12798.0624791546,12798.0624791546,12798.0624791546,12798.0624791546,12798.0624791547,12798.0624791547,12798.0624791547,11826.371263074,12798.0624791546,12798.0624791546,12798.0624791546,994.98322587975,0,1572.0852319903,2521.09474560462,3400.23645940442,3400.23645940442,3962.42016691778,4603.50427855632,4603.50427855632,4603.50427855632,5803.17599114418,5803.17599114418,7108.69038267662,5898.5767217911,9768.38625615774,9768.38625615774,9768.38625615776,9768.38625615774,12004.6564016883,12004.6564016883,12004.6564016883,13663.9058346533,13663.9058346533
"Hindi",12798.0624791546,12798.0624791546,12798.0624791546,12798.0624791546,12798.0624791546,12798.0624791546,12798.0624791546,12798.0624791546,12798.0624791546,12798.0624791546,12798.0624791546,10830.9396609964,12798.0624791546,12798.0624791546,12798.0624791546,12798.0624791546,12798.0624791546,12798.0624791546,12798.0624791546,12798.0624791546,12798.0624791546,12798.0624791546,12798.0624791546,12798.0624791546,12798.0624791546,12798.0624791546,12798.0624791546,12798.0624791546,12798.0624791546,12798.0624791546,12798.0624791546,12798.0624791546,11150.1093048412,12798.0624791546,12798.0624791546,12798.0624791546,12798.0624791546,12798.0624791546,12798.0624791546,12798.0624791546,12798.0624791546,12798.0624791546,12798.0624791546,12798.0624791546,12798.0624791546,11826.371263074,12798.0624791546,12798.0624791546,12798.0624791546,1572.0852319903,1572.0852319903,0,2521.0947456046,3400.2364594044,3400.2364594044,3962.42016691776,4603.5042785563,4603.5042785563,4603.5042785563,5803.17599114416,5803.17599114416,7108.6903826766,5898.57672179108,9768.38625615772,9768.38625615772,9768.38625615774,9768.38625615772,12004.6564016883,12004.6564016883,12004.6564016883,13663.9058346533,13663.9058346533
"Bihari",12798.0624791546,12798.0624791546,12798.0624791546,12798.0624791546,12798.0624791546,12798.0624791546,12798.0624791546,12798.0624791546,12798.0624791546,12798.0624791546,12798.0624791546,10830.9396609964,12798.0624791546,12798.0624791546,12798.0624791546,12798.0624791546,12798.0624791546,12798.0624791546,12798.0624791546,12798.0624791546,12798.0624791546,12798.0624791546,12798.0624791546,12798.0624791546,12798.0624791546,12798.0624791546,12798.0624791546,12798.0624791546,12798.0624791546,12798.0624791546,12798.0624791546,12798.0624791546,11150.1093048412,12798.0624791546,12798.0624791546,12798.0624791546,12798.0624791546,12798.0624791546,12798.0624791546,12798.0624791546,12798.0624791546,12798.0624791546,12798.0624791546,12798.0624791546,12798.0624791546,11826.371263074,12798.0624791546,12798.0624791546,12798.0624791546,2521.09474560462,2521.09474560462,2521.0947456046,0,3400.2364594044,3400.2364594044,3962.42016691776,4603.5042785563,4603.5042785563,4603.5042785563,5803.17599114416,5803.17599114416,7108.6903826766,5898.57672179108,9768.38625615772,9768.38625615772,9768.38625615774,9768.38625615772,12004.6564016883,12004.6564016883,12004.6564016883,13663.9058346533,13663.9058346533
"Gujarati",12798.0624791546,12798.0624791546,12798.0624791546,12798.0624791546,12798.0624791546,12798.0624791546,12798.0624791546,12798.0624791546,12798.0624791546,12798.0624791546,12798.0624791546,10830.9396609964,12798.0624791546,12798.0624791546,12798.0624791546,12798.0624791546,12798.0624791546,12798.0624791546,12798.0624791546,12798.0624791546,12798.0624791546,12798.0624791546,12798.0624791546,12798.0624791546,12798.0624791546,12798.0624791546,12798.0624791546,12798.0624791546,12798.0624791546,12798.0624791546,12798.0624791546,12798.0624791546,11150.1093048412,12798.0624791546,12798.0624791546,12798.0624791546,12798.0624791546,12798.0624791546,12798.0624791546,12798.0624791546,12798.0624791546,12798.0624791546,12798.0624791546,12798.0624791546,12798.0624791546,11826.371263074,12798.0624791546,12798.0624791546,12798.0624791546,3400.23645940442,3400.23645940442,3400.2364594044,3400.2364594044,0,1986.719873874,3962.42016691776,4603.5042785563,4603.5042785563,4603.5042785563,5803.17599114416,5803.17599114416,7108.6903826766,5898.57672179108,9768.38625615772,9768.38625615772,9768.38625615774,9768.38625615772,12004.6564016883,12004.6564016883,12004.6564016883,13663.9058346533,13663.9058346533
"Marathi",12798.0624791546,12798.0624791546,12798.0624791546,12798.0624791546,12798.0624791546,12798.0624791546,12798.0624791546,12798.0624791546,12798.0624791546,12798.0624791546,12798.0624791546,10830.9396609964,12798.0624791546,12798.0624791546,12798.0624791546,12798.0624791546,12798.0624791546,12798.0624791546,12798.0624791546,12798.0624791546,12798.0624791546,12798.0624791546,12798.0624791546,12798.0624791546,12798.0624791546,12798.0624791546,12798.0624791546,12798.0624791546,12798.0624791546,12798.0624791546,12798.0624791546,12798.0624791546,11150.1093048412,12798.0624791546,12798.0624791546,12798.0624791546,12798.0624791546,12798.0624791546,12798.0624791546,12798.0624791546,12798.0624791546,12798.0624791546,12798.0624791546,12798.0624791546,12798.0624791546,11826.371263074,12798.0624791546,12798.0624791546,12798.0624791546,3400.23645940442,3400.23645940442,3400.2364594044,3400.2364594044,1986.719873874,0,3962.42016691776,4603.5042785563,4603.5042785563,4603.5042785563,5803.17599114416,5803.17599114416,7108.6903826766,5898.57672179108,9768.38625615772,9768.38625615772,9768.38625615774,9768.38625615772,12004.6564016883,12004.6564016883,12004.6564016883,13663.9058346533,13663.9058346533
"Sindhi",12798.0624791546,12798.0624791546,12798.0624791546,12798.0624791546,12798.0624791546,12798.0624791546,12798.0624791546,12798.0624791546,12798.0624791546,12798.0624791546,12798.0624791546,10830.9396609964,12798.0624791546,12798.0624791546,12798.0624791546,12798.0624791546,12798.0624791546,12798.0624791546,12798.0624791546,12798.0624791546,12798.0624791546,12798.0624791546,12798.0624791546,12798.0624791546,12798.0624791546,12798.0624791546,12798.0624791546,12798.0624791546,12798.0624791546,12798.0624791546,12798.0624791546,12798.0624791546,11150.1093048412,12798.0624791546,12798.0624791546,12798.0624791546,12798.0624791546,12798.0624791546,12798.0624791546,12798.0624791546,12798.0624791546,12798.0624791546,12798.0624791546,12798.0624791546,12798.0624791546,11826.371263074,12798.0624791546,12798.0624791546,12798.0624791546,3962.42016691778,3962.42016691778,3962.42016691776,3962.42016691776,3962.42016691776,3962.42016691776,0,4603.5042785563,4603.5042785563,4603.5042785563,5803.17599114416,5803.17599114416,7108.6903826766,5898.57672179108,9768.38625615772,9768.38625615772,9768.38625615774,9768.38625615772,12004.6564016883,12004.6564016883,12004.6564016883,13663.9058346533,13663.9058346533
"Assamese",12798.0624791546,12798.0624791546,12798.0624791546,12798.0624791546,12798.0624791546,12798.0624791546,12798.0624791546,12798.0624791546,12798.0624791546,12798.0624791546,12798.0624791546,10830.9396609964,12798.0624791546,12798.0624791546,12798.0624791546,12798.0624791546,12798.0624791546,12798.0624791546,12798.0624791546,12798.0624791546,12798.0624791546,12798.0624791546,12798.0624791546,12798.0624791546,12798.0624791546,12798.0624791546,12798.0624791546,12798.0624791546,12798.0624791546,12798.0624791546,12798.0624791546,12798.0624791546,11150.1093048412,12798.0624791546,12798.0624791546,12798.0624791546,12798.0624791546,12798.0624791546,12798.0624791546,12798.0624791546,12798.0624791546,12798.0624791546,12798.0624791546,12798.0624791546,12798.0624791546,11826.371263074,12798.0624791546,12798.0624791546,12798.0624791546,4603.50427855632,4603.50427855632,4603.5042785563,4603.5042785563,4603.5042785563,4603.5042785563,4603.5042785563,0,1758.18748734736,2288.0226187927,5803.17599114416,5803.17599114416,7108.6903826766,5898.57672179108,9768.38625615772,9768.38625615772,9768.38625615774,9768.38625615772,12004.6564016883,12004.6564016883,12004.6564016883,13663.9058346533,13663.9058346533
"Oriya",12798.0624791546,12798.0624791546,12798.0624791546,12798.0624791546,12798.0624791546,12798.0624791546,12798.0624791546,12798.0624791546,12798.0624791546,12798.0624791546,12798.0624791546,10830.9396609964,12798.0624791546,12798.0624791546,12798.0624791546,12798.0624791546,12798.0624791546,12798.0624791546,12798.0624791546,12798.0624791546,12798.0624791546,12798.0624791546,12798.0624791546,12798.0624791546,12798.0624791546,12798.0624791546,12798.0624791546,12798.0624791546,12798.0624791546,12798.0624791546,12798.0624791546,12798.0624791546,11150.1093048412,12798.0624791546,12798.0624791546,12798.0624791546,12798.0624791546,12798.0624791546,12798.0624791546,12798.0624791546,12798.0624791546,12798.0624791546,12798.0624791546,12798.0624791546,12798.0624791546,11826.371263074,12798.0624791546,12798.0624791546,12798.0624791546,4603.50427855632,4603.50427855632,4603.5042785563,4603.5042785563,4603.5042785563,4603.5042785563,4603.5042785563,1758.18748734736,0,2288.0226187927,5803.17599114416,5803.17599114416,7108.6903826766,5898.57672179108,9768.38625615772,9768.38625615772,9768.38625615774,9768.38625615772,12004.6564016883,12004.6564016883,12004.6564016883,13663.9058346533,13663.9058346533
"Bengali",12798.0624791546,12798.0624791546,12798.0624791546,12798.0624791546,12798.0624791546,12798.0624791546,12798.0624791546,12798.0624791546,12798.0624791546,12798.0624791546,12798.0624791546,10830.9396609964,12798.0624791546,12798.0624791546,12798.0624791546,12798.0624791546,12798.0624791546,12798.0624791546,12798.0624791546,12798.0624791546,12798.0624791546,12798.0624791546,12798.0624791546,12798.0624791546,12798.0624791546,12798.0624791546,12798.0624791546,12798.0624791546,12798.0624791546,12798.0624791546,12798.0624791546,12798.0624791546,11150.1093048412,12798.0624791546,12798.0624791546,12798.0624791546,12798.0624791546,12798.0624791546,12798.0624791546,12798.0624791546,12798.0624791546,12798.0624791546,12798.0624791546,12798.0624791546,12798.0624791546,11826.371263074,12798.0624791546,12798.0624791546,12798.0624791546,4603.50427855632,4603.50427855632,4603.5042785563,4603.5042785563,4603.5042785563,4603.5042785563,4603.5042785563,2288.0226187927,2288.0226187927,0,5803.17599114416,5803.17599114416,7108.6903826766,5898.57672179108,9768.38625615772,9768.38625615772,9768.38625615774,9768.38625615772,12004.6564016883,12004.6564016883,12004.6564016883,13663.9058346533,13663.9058346533
"Kashmiri",12798.0624791546,12798.0624791546,12798.0624791546,12798.0624791546,12798.0624791546,12798.0624791546,12798.0624791546,12798.0624791546,12798.0624791546,12798.0624791546,12798.0624791546,10830.9396609964,12798.0624791546,12798.0624791546,12798.0624791546,12798.0624791546,12798.0624791546,12798.0624791546,12798.0624791546,12798.0624791546,12798.0624791546,12798.0624791546,12798.0624791546,12798.0624791546,12798.0624791546,12798.0624791546,12798.0624791546,12798.0624791546,12798.0624791546,12798.0624791546,12798.0624791546,12798.0624791546,11150.1093048412,12798.0624791546,12798.0624791546,12798.0624791546,12798.0624791546,12798.0624791546,12798.0624791546,12798.0624791546,12798.0624791546,12798.0624791546,12798.0624791546,12798.0624791546,12798.0624791546,11826.371263074,12798.0624791546,12798.0624791546,12798.0624791546,5803.17599114418,5803.17599114418,5803.17599114416,5803.17599114416,5803.17599114416,5803.17599114416,5803.17599114416,5803.17599114416,5803.17599114416,5803.17599114416,0,4169.1415029803,7108.6903826766,5898.57672179108,9768.38625615772,9768.38625615772,9768.38625615774,9768.38625615772,12004.6564016883,12004.6564016883,12004.6564016883,13663.9058346533,13663.9058346533
"Sinhalese",12798.0624791546,12798.0624791546,12798.0624791546,12798.0624791546,12798.0624791546,12798.0624791546,12798.0624791546,12798.0624791546,12798.0624791546,12798.0624791546,12798.0624791546,10830.9396609964,12798.0624791546,12798.0624791546,12798.0624791546,12798.0624791546,12798.0624791546,12798.0624791546,12798.0624791546,12798.0624791546,12798.0624791546,12798.0624791546,12798.0624791546,12798.0624791546,12798.0624791546,12798.0624791546,12798.0624791546,12798.0624791546,12798.0624791546,12798.0624791546,12798.0624791546,12798.0624791546,11150.1093048412,12798.0624791546,12798.0624791546,12798.0624791546,12798.0624791546,12798.0624791546,12798.0624791546,12798.0624791546,12798.0624791546,12798.0624791546,12798.0624791546,12798.0624791546,12798.0624791546,11826.371263074,12798.0624791546,12798.0624791546,12798.0624791546,5803.17599114418,5803.17599114418,5803.17599114416,5803.17599114416,5803.17599114416,5803.17599114416,5803.17599114416,5803.17599114416,5803.17599114416,5803.17599114416,4169.1415029803,0,7108.6903826766,5898.57672179108,9768.38625615772,9768.38625615772,9768.38625615774,9768.38625615772,12004.6564016883,12004.6564016883,12004.6564016883,13663.9058346533,13663.9058346533
"Romani",12798.0624791546,12798.0624791546,12798.0624791546,12798.0624791546,12798.0624791546,12798.0624791546,12798.0624791546,12798.0624791546,12798.0624791546,12798.0624791546,12798.0624791546,10830.9396609964,12798.0624791546,12798.0624791546,12798.0624791546,12798.0624791546,12798.0624791546,12798.0624791546,12798.0624791546,12798.0624791546,12798.0624791546,12798.0624791546,12798.0624791546,12798.0624791546,12798.0624791546,12798.0624791546,12798.0624791546,12798.0624791546,12798.0624791546,12798.0624791546,12798.0624791546,12798.0624791546,11150.1093048412,12798.0624791546,12798.0624791546,12798.0624791546,12798.0624791546,12798.0624791546,12798.0624791546,12798.0624791546,12798.0624791546,12798.0624791546,12798.0624791546,12798.0624791546,12798.0624791546,11826.371263074,12798.0624791546,12798.0624791546,12798.0624791546,7108.69038267662,7108.69038267662,7108.6903826766,7108.6903826766,7108.6903826766,7108.6903826766,7108.6903826766,7108.6903826766,7108.6903826766,7108.6903826766,7108.6903826766,7108.6903826766,0,5898.57672179108,9768.38625615772,9768.38625615772,9768.38625615774,9768.38625615772,12004.6564016883,12004.6564016883,12004.6564016883,13663.9058346533,13663.9058346533
"Sanskrit",9803.91638087458,9803.91638087458,9803.91638087458,9803.91638087458,9803.91638087458,9803.91638087458,9803.91638087458,9803.91638087458,9803.91638087458,9803.91638087458,9803.91638087458,7836.79356271638,9803.91638087458,9803.91638087458,9803.91638087458,9803.91638087458,9803.91638087458,9803.91638087458,9803.91638087458,9803.91638087458,9803.91638087458,9803.91638087458,9803.91638087458,9803.91638087458,9803.91638087458,9803.91638087458,9803.91638087458,9803.91638087458,9803.91638087458,9803.91638087458,9803.91638087458,9803.91638087458,8155.96320656118,9803.91638087458,9803.91638087458,9803.91638087458,9803.91638087461,9803.91638087461,9803.91638087458,9803.91638087458,9803.91638087458,9803.91638087458,9803.91638087461,9803.91638087461,9803.91638087461,8832.22516479398,9803.91638087458,9803.91638087458,9803.91638087458,5898.5767217911,5898.5767217911,5898.57672179108,5898.57672179108,5898.57672179108,5898.57672179108,5898.57672179108,5898.57672179108,5898.57672179108,5898.57672179108,5898.57672179108,5898.57672179108,5898.57672179108,0,6774.2401578777,6774.2401578777,6774.24015787772,6774.2401578777,9010.51030340828,9010.51030340828,9010.51030340828,10669.7597363733,10669.7597363733
"Tajik",12798.0624791546,12798.0624791546,12798.0624791546,12798.0624791546,12798.0624791546,12798.0624791546,12798.0624791546,12798.0624791546,12798.0624791546,12798.0624791546,12798.0624791546,10830.9396609964,12798.0624791546,12798.0624791546,12798.0624791546,12798.0624791546,12798.0624791546,12798.0624791546,12798.0624791546,12798.0624791546,12798.0624791546,12798.0624791546,12798.0624791546,12798.0624791546,12798.0624791546,12798.0624791546,12798.0624791546,12798.0624791546,12798.0624791546,12798.0624791546,12798.0624791546,12798.0624791546,11150.1093048412,12798.0624791546,12798.0624791546,12798.0624791546,12798.0624791547,12798.0624791547,12798.0624791546,12798.0624791546,12798.0624791546,12798.0624791546,12798.0624791547,12798.0624791547,12798.0624791547,11826.371263074,12798.0624791546,12798.0624791546,12798.0624791546,9768.38625615774,9768.38625615774,9768.38625615772,9768.38625615772,9768.38625615772,9768.38625615772,9768.38625615772,9768.38625615772,9768.38625615772,9768.38625615772,9768.38625615772,9768.38625615772,9768.38625615772,6774.2401578777,0,1406.34012824775,3950.96383453896,7649.65344033284,12004.6564016883,12004.6564016883,12004.6564016883,13663.9058346533,13663.9058346533
"Persian",12798.0624791546,12798.0624791546,12798.0624791546,12798.0624791546,12798.0624791546,12798.0624791546,12798.0624791546,12798.0624791546,12798.0624791546,12798.0624791546,12798.0624791546,10830.9396609964,12798.0624791546,12798.0624791546,12798.0624791546,12798.0624791546,12798.0624791546,12798.0624791546,12798.0624791546,12798.0624791546,12798.0624791546,12798.0624791546,12798.0624791546,12798.0624791546,12798.0624791546,12798.0624791546,12798.0624791546,12798.0624791546,12798.0624791546,12798.0624791546,12798.0624791546,12798.0624791546,11150.1093048412,12798.0624791546,12798.0624791546,12798.0624791546,12798.0624791547,12798.0624791547,12798.0624791546,12798.0624791546,12798.0624791546,12798.0624791546,12798.0624791547,12798.0624791547,12798.0624791547,11826.371263074,12798.0624791546,12798.0624791546,12798.0624791546,9768.38625615774,9768.38625615774,9768.38625615772,9768.38625615772,9768.38625615772,9768.38625615772,9768.38625615772,9768.38625615772,9768.38625615772,9768.38625615772,9768.38625615772,9768.38625615772,9768.38625615772,6774.2401578777,1406.34012824775,0,3950.96383453896,7649.65344033284,12004.6564016883,12004.6564016883,12004.6564016883,13663.9058346533,13663.9058346533
"Kurdish (Sorani)",12798.0624791546,12798.0624791546,12798.0624791546,12798.0624791546,12798.0624791546,12798.0624791546,12798.0624791546,12798.0624791546,12798.0624791546,12798.0624791546,12798.0624791546,10830.9396609964,12798.0624791546,12798.0624791546,12798.0624791546,12798.0624791546,12798.0624791546,12798.0624791546,12798.0624791546,12798.0624791546,12798.0624791546,12798.0624791546,12798.0624791546,12798.0624791546,12798.0624791546,12798.0624791546,12798.0624791546,12798.0624791546,12798.0624791546,12798.0624791546,12798.0624791546,12798.0624791546,11150.1093048412,12798.0624791546,12798.0624791546,12798.0624791546,12798.0624791547,12798.0624791547,12798.0624791546,12798.0624791546,12798.0624791546,12798.0624791546,12798.0624791547,12798.0624791547,12798.0624791547,11826.371263074,12798.0624791546,12798.0624791546,12798.0624791546,9768.38625615776,9768.38625615776,9768.38625615774,9768.38625615774,9768.38625615774,9768.38625615774,9768.38625615774,9768.38625615774,9768.38625615774,9768.38625615774,9768.38625615774,9768.38625615774,9768.38625615774,6774.24015787772,3950.96383453896,3950.96383453896,0,7649.65344033286,12004.6564016883,12004.6564016883,12004.6564016883,13663.9058346533,13663.9058346533
"Ossetian",12798.0624791546,12798.0624791546,12798.0624791546,12798.0624791546,12798.0624791546,12798.0624791546,12798.0624791546,12798.0624791546,12798.0624791546,12798.0624791546,12798.0624791546,10830.9396609964,12798.0624791546,12798.0624791546,12798.0624791546,12798.0624791546,12798.0624791546,12798.0624791546,12798.0624791546,12798.0624791546,12798.0624791546,12798.0624791546,12798.0624791546,12798.0624791546,12798.0624791546,12798.0624791546,12798.0624791546,12798.0624791546,12798.0624791546,12798.0624791546,12798.0624791546,12798.0624791546,11150.1093048412,12798.0624791546,12798.0624791546,12798.0624791546,12798.0624791547,12798.0624791547,12798.0624791546,12798.0624791546,12798.0624791546,12798.0624791546,12798.0624791547,12798.0624791547,12798.0624791547,11826.371263074,12798.0624791546,12798.0624791546,12798.0624791546,9768.38625615774,9768.38625615774,9768.38625615772,9768.38625615772,9768.38625615772,9768.38625615772,9768.38625615772,9768.38625615772,9768.38625615772,9768.38625615772,9768.38625615772,9768.38625615772,9768.38625615772,6774.2401578777,7649.65344033284,7649.65344033284,7649.65344033286,0,12004.6564016883,12004.6564016883,12004.6564016883,13663.9058346533,13663.9058346533
"Albanian",12798.0624791546,12798.0624791546,12798.0624791546,12798.0624791546,12798.0624791546,12798.0624791546,12798.0624791546,12798.0624791546,12798.0624791546,12798.0624791546,12798.0624791546,10830.9396609964,12798.0624791546,12798.0624791546,12798.0624791546,12798.0624791546,12798.0624791546,12798.0624791546,12798.0624791546,12798.0624791546,12798.0624791546,12798.0624791546,12798.0624791546,12798.0624791546,12798.0624791546,12798.0624791546,12798.0624791546,12798.0624791546,12798.0624791546,12798.0624791546,12798.0624791546,12798.0624791546,11150.1093048412,12798.0624791546,12798.0624791546,12798.0624791546,12798.0624791546,12798.0624791546,12798.0624791546,12798.0624791546,12798.0624791546,12798.0624791546,12798.0624791546,12798.0624791546,12798.0624791546,11826.371263074,12798.0624791546,12798.0624791546,12798.0624791546,12004.6564016883,12004.6564016883,12004.6564016883,12004.6564016883,12004.6564016883,12004.6564016883,12004.6564016883,12004.6564016883,12004.6564016883,12004.6564016883,12004.6564016883,12004.6564016883,12004.6564016883,9010.51030340828,12004.6564016883,12004.6564016883,12004.6564016883,12004.6564016883,0,10180.9530943181,10180.9530943181,13663.9058346533,13663.9058346533
"Anglo Saxon",12798.0624791546,12798.0624791546,12798.0624791546,12798.0624791546,12798.0624791546,12798.0624791546,12798.0624791546,12798.0624791546,12798.0624791546,12798.0624791546,12798.0624791546,10830.9396609964,12798.0624791546,12798.0624791546,12798.0624791546,12798.0624791546,12798.0624791546,12798.0624791546,12798.0624791546,12798.0624791546,12798.0624791546,12798.0624791546,12798.0624791546,12798.0624791546,12798.0624791546,12798.0624791546,12798.0624791546,12798.0624791546,12798.0624791546,12798.0624791546,12798.0624791546,12798.0624791546,11150.1093048412,12798.0624791546,12798.0624791546,12798.0624791546,12798.0624791546,12798.0624791546,12798.0624791546,12798.0624791546,12798.0624791546,12798.0624791546,12798.0624791546,12798.0624791546,12798.0624791546,11826.371263074,12798.0624791546,12798.0624791546,12798.0624791546,12004.6564016883,12004.6564016883,12004.6564016883,12004.6564016883,12004.6564016883,12004.6564016883,12004.6564016883,12004.6564016883,12004.6564016883,12004.6564016883,12004.6564016883,12004.6564016883,12004.6564016883,9010.51030340828,12004.6564016883,12004.6564016883,12004.6564016883,12004.6564016883,10180.9530943181,0,803.285967635898,13663.9058346533,13663.9058346533
"Greek",12798.0624791546,12798.0624791546,12798.0624791546,12798.0624791546,12798.0624791546,12798.0624791546,12798.0624791546,12798.0624791546,12798.0624791546,12798.0624791546,12798.0624791546,10830.9396609964,12798.0624791546,12798.0624791546,12798.0624791546,12798.0624791546,12798.0624791546,12798.0624791546,12798.0624791546,12798.0624791546,12798.0624791546,12798.0624791546,12798.0624791546,12798.0624791546,12798.0624791546,12798.0624791546,12798.0624791546,12798.0624791546,12798.0624791546,12798.0624791546,12798.0624791546,12798.0624791546,11150.1093048412,12798.0624791546,12798.0624791546,12798.0624791546,12798.0624791546,12798.0624791546,12798.0624791546,12798.0624791546,12798.0624791546,12798.0624791546,12798.0624791546,12798.0624791546,12798.0624791546,11826.371263074,12798.0624791546,12798.0624791546,12798.0624791546,12004.6564016883,12004.6564016883,12004.6564016883,12004.6564016883,12004.6564016883,12004.6564016883,12004.6564016883,12004.6564016883,12004.6564016883,12004.6564016883,12004.6564016883,12004.6564016883,12004.6564016883,9010.51030340828,12004.6564016883,12004.6564016883,12004.6564016883,12004.6564016883,10180.9530943181,803.285967635898,0,13663.9058346533,13663.9058346533
"Armenian",13663.9058346533,13663.9058346533,13663.9058346533,13663.9058346533,13663.9058346533,13663.9058346533,13663.9058346533,13663.9058346533,13663.9058346533,13663.9058346533,13663.9058346533,11696.7830164951,13663.9058346533,13663.9058346533,13663.9058346533,13663.9058346533,13663.9058346533,13663.9058346533,13663.9058346533,13663.9058346533,13663.9058346533,13663.9058346533,13663.9058346533,13663.9058346533,13663.9058346533,13663.9058346533,13663.9058346533,13663.9058346533,13663.9058346533,13663.9058346533,13663.9058346533,13663.9058346533,12015.9526603399,13663.9058346533,13663.9058346533,13663.9058346533,13663.9058346533,13663.9058346533,13663.9058346533,13663.9058346533,13663.9058346533,13663.9058346533,13663.9058346533,13663.9058346533,13663.9058346533,12692.2146185727,13663.9058346533,13663.9058346533,13663.9058346533,13663.9058346533,13663.9058346533,13663.9058346533,13663.9058346533,13663.9058346533,13663.9058346533,13663.9058346533,13663.9058346533,13663.9058346533,13663.9058346533,13663.9058346533,13663.9058346533,13663.9058346533,10669.7597363733,13663.9058346533,13663.9058346533,13663.9058346533,13663.9058346533,13663.9058346533,13663.9058346533,13663.9058346533,0,2404.5141774644
"Armenian",13663.9058346533,13663.9058346533,13663.9058346533,13663.9058346533,13663.9058346533,13663.9058346533,13663.9058346533,13663.9058346533,13663.9058346533,13663.9058346533,13663.9058346533,11696.7830164951,13663.9058346533,13663.9058346533,13663.9058346533,13663.9058346533,13663.9058346533,13663.9058346533,13663.9058346533,13663.9058346533,13663.9058346533,13663.9058346533,13663.9058346533,13663.9058346533,13663.9058346533,13663.9058346533,13663.9058346533,13663.9058346533,13663.9058346533,13663.9058346533,13663.9058346533,13663.9058346533,12015.9526603399,13663.9058346533,13663.9058346533,13663.9058346533,13663.9058346533,13663.9058346533,13663.9058346533,13663.9058346533,13663.9058346533,13663.9058346533,13663.9058346533,13663.9058346533,13663.9058346533,12692.2146185727,13663.9058346533,13663.9058346533,13663.9058346533,13663.9058346533,13663.9058346533,13663.9058346533,13663.9058346533,13663.9058346533,13663.9058346533,13663.9058346533,13663.9058346533,13663.9058346533,13663.9058346533,13663.9058346533,13663.9058346533,13663.9058346533,10669.7597363733,13663.9058346533,13663.9058346533,13663.9058346533,13663.9058346533,13663.9058346533,13663.9058346533,13663.9058346533,2404.5141774644,0
