"l1","l2","rho","cult.dist"
"ab","ba",0.0719118678533525,NA
"ab","be",0.1060784625332,NA
"ab","bg",0.106627591789582,NA
"ab","bn",0.0301593842432465,NA
"ab","br",0.0797358887968603,NA
"ab","ca",0.0822054760196266,NA
"ab","ce",0.0670818260999067,NA
"ab","cs",0.125219032243918,NA
"ab","cy",0.106897199829745,NA
"ab","da",0.0874314295731155,NA
"ab","de",0.105523226934097,NA
"ab","el",0.1450445617985,NA
"ab","en",0.0746097831011212,NA
"ab","es",0.0956189788585599,NA
"ab","eu",0.103985326219468,NA
"ab","fi",0.118672414431164,NA
"ab","fr",0.132566180597787,NA
"ab","ga",0.0763942427366904,NA
"ab","he",0.075525034862348,NA
"ab","hi",0.133234705674298,NA
"ab","hr",0.141950947098448,NA
"ab","hu",0.106188222052269,NA
"ab","hy",0.127197189217761,NA
"ab","is",0.102332090101004,NA
"ab","it",0.101449723288577,NA
"ab","ja",0.0187666776831591,NA
"ab","ka",0.092104176931796,NA
"ab","kk",0.103231193528938,NA
"ab","kn",-0.00921125625562321,NA
"ab","ko",0.0449848239346015,NA
"ab","la",0.147485036188788,NA
"ab","lt",0.136929237087048,NA
"ab","lv",0.145813982988004,NA
"ab","ml",0.104062205279734,NA
"ab","nl",0.107607207180245,NA
"ab","no",0.0883305545928669,NA
"ab","pl",0.140201201797344,NA
"ab","pt",0.105319650411461,NA
"ab","ro",0.110526527390805,NA
"ab","ru",0.135938323991999,NA
"ab","sk",0.139627111116222,NA
"ab","sq",0.110995131270443,NA
"ab","sv",0.122541106929067,NA
"ab","ta",0.0361689118228642,NA
"ab","te",0.0426285960690282,NA
"ab","tr",0.158024668947016,NA
"ab","tt",0.0682279375682367,NA
"ab","uk",0.132688150927559,NA
"av","ba",0.152046308437786,NA
"av","be",0.192936463883763,NA
"av","bg",0.177555251510795,NA
"av","bn",0.124362156517666,NA
"av","br",0.150124379921424,NA
"av","ca",0.182818586230191,NA
"av","ce",0.124129782442886,NA
"av","cs",0.201610932552097,NA
"av","cv",0.0968695296374401,NA
"av","cy",0.150589090564704,NA
"av","da",0.16844071183682,NA
"av","de",0.169969819974743,NA
"av","el",0.206359593882424,NA
"av","en",0.178172358224093,NA
"av","es",0.200045379179412,NA
"av","eu",0.166977711339735,NA
"av","fi",0.190102292041519,NA
"av","fr",0.187088814703831,NA
"av","ga",0.113889343599329,NA
"av","he",0.143638286025917,NA
"av","hi",0.210348308766288,NA
"av","hr",0.203844099861114,NA
"av","hu",0.178933896557094,NA
"av","hy",0.196915549590638,NA
"av","is",0.159705723868075,NA
"av","it",0.200611425558347,NA
"av","ja",0.102067163637037,NA
"av","ka",0.193748808085163,NA
"av","kk",0.172626767351234,NA
"av","kn",0.104856726000517,NA
"av","ko",0.140389817422743,NA
"av","la",0.174533359019233,NA
"av","lt",0.187678205659492,NA
"av","lv",0.188235261146993,NA
"av","ml",0.190976547914454,NA
"av","nl",0.170624712396865,NA
"av","no",0.163226624843939,NA
"av","os",0.179356574462684,NA
"av","pl",0.194657259765327,NA
"av","pt",0.196809591403615,NA
"av","ro",0.168130023422205,NA
"av","ru",0.195272559854159,NA
"av","se",0.18774638550204,NA
"av","sk",0.187122630793776,NA
"av","sq",0.153548054024638,NA
"av","sv",0.158799172004644,NA
"av","ta",0.111435485655004,NA
"av","te",0.138042255178372,NA
"av","tr",0.204909562879939,NA
"av","tt",0.139973076398151,NA
"av","uk",0.193217848870205,NA
"ba","be",0.234602624014498,NA
"ba","bg",0.227555937089046,NA
"ba","bn",0.192774472344383,NA
"ba","br",0.196434025685025,NA
"ba","ca",0.237908929900942,NA
"ba","ce",0.141281862408967,NA
"ba","cs",0.246919803998852,NA
"ba","cv",0.187964679657294,NA
"ba","cy",0.166658662778768,NA
"ba","da",0.224192890657854,NA
"ba","de",0.235934349610611,NA
"ba","el",0.222583291233413,NA
"ba","en",0.228359629536458,NA
"ba","es",0.254668471014327,NA
"ba","eu",0.226511519213862,NA
"ba","fi",0.237648520537007,NA
"ba","fr",0.242877512345484,NA
"ba","ga",0.152638639991634,NA
"ba","he",0.17853522156268,NA
"ba","hi",0.246618755137747,NA
"ba","hr",0.233245246240299,NA
"ba","hu",0.240472955979215,NA
"ba","hy",0.224616390134411,NA
"ba","is",0.179401257278084,NA
"ba","it",0.251509710243339,NA
"ba","ja",0.132995695003628,NA
"ba","ka",0.221542687462417,NA
"ba","kk",0.235089192737099,NA
"ba","kn",0.191400929306528,NA
"ba","ko",0.173421212597052,NA
"ba","la",0.155506252701008,NA
"ba","lt",0.24907483118683,NA
"ba","lv",0.239480499918767,NA
"ba","ml",0.209699680397145,NA
"ba","nl",0.244432924226213,NA
"ba","no",0.215897543012323,NA
"ba","os",0.180295762670375,NA
"ba","pl",0.239450197645502,NA
"ba","pt",0.24063614935332,NA
"ba","ro",0.219105533011234,NA
"ba","ru",0.240417077925565,NA
"ba","se",0.152472882480155,NA
"ba","sk",0.23467115256118,NA
"ba","sq",0.192118808447441,NA
"ba","sv",0.219981519081186,NA
"ba","ta",0.192546994183621,NA
"ba","te",0.203901902567369,NA
"ba","tr",0.256600433724826,NA
"ba","tt",0.284680503510788,NA
"ba","uk",0.246001630426732,NA
"be","bg",0.315549957001296,NA
"be","bn",0.270340712860151,NA
"be","br",0.239359223538132,NA
"be","ca",0.322993727730283,NA
"be","ce",0.159560387001814,NA
"be","cs",0.355791674702627,NA
"be","cv",0.199375530450178,NA
"be","cy",0.214555688328806,NA
"be","da",0.301645005323038,NA
"be","de",0.334559487594721,NA
"be","el",0.305626554206072,NA
"be","en",0.3152517764769,NA
"be","es",0.334174044839611,NA
"be","eu",0.283591454370688,NA
"be","fi",0.31481213199034,NA
"be","fr",0.31355793270083,NA
"be","ga",0.204382750031282,NA
"be","he",0.232128243810835,NA
"be","hi",0.289011242389044,NA
"be","hr",0.310712506007163,NA
"be","hu",0.318170821053156,NA
"be","hy",0.29951750733343,NA
"be","is",0.224695960004124,NA
"be","it",0.329222321010035,NA
"be","ja",0.213600169984837,NA
"be","ka",0.304030097071857,NA
"be","kk",0.25780682908817,NA
"be","kn",0.247858264115414,NA
"be","ko",0.244710004001895,NA
"be","la",0.192530702388235,NA
"be","lt",0.330246550273626,NA
"be","lv",0.322557940893617,NA
"be","ml",0.276675639970727,NA
"be","nl",0.309894490063826,NA
"be","no",0.290140390866249,NA
"be","os",0.211205131115825,NA
"be","pl",0.371177510971746,NA
"be","pt",0.311849663174832,NA
"be","ro",0.285169958342245,NA
"be","ru",0.413271774392676,NA
"be","se",0.200431969432406,NA
"be","sk",0.334554134768123,NA
"be","sq",0.252872976400438,NA
"be","sv",0.285925261302734,NA
"be","ta",0.264111582452871,NA
"be","te",0.258377940043848,NA
"be","tr",0.300318851901944,NA
"be","tt",0.224926913753825,NA
"be","uk",0.427781494264089,NA
"bg","bn",0.270604787369079,NA
"bg","br",0.240544010775939,NA
"bg","ca",0.335607452163449,NA
"bg","ce",0.171895351998389,NA
"bg","cs",0.354521570930497,NA
"bg","cv",0.189463799194452,NA
"bg","cy",0.223729693316455,NA
"bg","da",0.317889946624851,NA
"bg","de",0.350723807695819,NA
"bg","el",0.337992325307636,NA
"bg","en",0.326479604561353,NA
"bg","es",0.346492304292132,NA
"bg","eu",0.289579221372394,NA
"bg","fi",0.322351011247299,NA
"bg","fr",0.322515890818126,NA
"bg","ga",0.203992859120412,NA
"bg","he",0.249672905644324,NA
"bg","hi",0.299334858358083,NA
"bg","hr",0.3191027804833,NA
"bg","hu",0.329615420727117,NA
"bg","hy",0.29057674258988,NA
"bg","is",0.234510745108429,NA
"bg","it",0.335587537373457,NA
"bg","ja",0.223313998253686,NA
"bg","ka",0.29969896282791,NA
"bg","kk",0.263352685148987,NA
"bg","kn",0.261495142500266,NA
"bg","ko",0.257664900653421,NA
"bg","la",0.215151110069814,NA
"bg","lt",0.31420557913125,NA
"bg","lv",0.317471764972028,NA
"bg","ml",0.264685555522676,NA
"bg","nl",0.318294414418088,NA
"bg","no",0.305718268706253,NA
"bg","os",0.202654241001887,NA
"bg","pl",0.352735525643515,NA
"bg","pt",0.325497211020195,NA
"bg","ro",0.295594485235421,NA
"bg","ru",0.363455191807914,NA
"bg","se",0.189747636951521,NA
"bg","sk",0.315600665920454,NA
"bg","sq",0.272620688251751,NA
"bg","sv",0.294830514572503,NA
"bg","ta",0.274809229868168,NA
"bg","te",0.279681657780363,NA
"bg","tr",0.311385549252159,NA
"bg","tt",0.230580292130803,NA
"bg","uk",0.362145581215064,NA
"bn","br",0.214114889902474,NA
"bn","ca",0.285372985370659,NA
"bn","ce",0.128782236262109,NA
"bn","cs",0.301800735573129,NA
"bn","cv",0.165447073963835,NA
"bn","cy",0.192016202535434,NA
"bn","da",0.276215016714383,NA
"bn","de",0.302950343766483,NA
"bn","el",0.289119169357764,NA
"bn","en",0.288691630719861,NA
"bn","es",0.308227818726705,NA
"bn","eu",0.274070260550396,NA
"bn","fi",0.285338747472454,NA
"bn","fr",0.289951852714851,NA
"bn","ga",0.169199240055864,NA
"bn","he",0.213434330288802,NA
"bn","hi",0.296918096091529,NA
"bn","hr",0.274160939732435,NA
"bn","hu",0.292406490729392,NA
"bn","hy",0.25305265341456,NA
"bn","is",0.197016962039573,NA
"bn","it",0.303708970916272,NA
"bn","ja",0.169652880562324,NA
"bn","ka",0.257490976068316,NA
"bn","kk",0.230278630402722,NA
"bn","kn",0.246218924300999,NA
"bn","ko",0.214121433658354,NA
"bn","la",0.185509526558014,NA
"bn","lt",0.269143540489892,NA
"bn","lv",0.271523927402843,NA
"bn","ml",0.242783394606395,NA
"bn","nl",0.29191444703785,NA
"bn","no",0.265483989796914,NA
"bn","os",0.156452602682232,NA
"bn","pl",0.297327750736019,NA
"bn","pt",0.289657052367921,NA
"bn","ro",0.257086539261897,NA
"bn","ru",0.29223630628108,NA
"bn","se",0.146488554175347,NA
"bn","sk",0.263475171809848,NA
"bn","sq",0.22964789290801,NA
"bn","sv",0.262244879613285,NA
"bn","ta",0.253934920892958,NA
"bn","te",0.23505337747158,NA
"bn","tr",0.291354919346929,NA
"bn","tt",0.193874685726184,NA
"bn","uk",0.298010895209179,NA
"br","ca",0.264085994960912,NA
"br","ce",0.136510249817436,NA
"br","cs",0.261497250803505,NA
"br","cv",0.155987635359061,NA
"br","cy",0.191914299753571,NA
"br","da",0.244415074440387,NA
"br","de",0.264664522776114,NA
"br","el",0.249570266173988,NA
"br","en",0.249582748889298,NA
"br","es",0.292745987980834,NA
"br","eu",0.240218162873752,NA
"br","fi",0.253297961480726,NA
"br","fr",0.28480786806933,NA
"br","ga",0.169476547145955,NA
"br","he",0.178280662986225,NA
"br","hi",0.261002078898902,NA
"br","hr",0.238410157633854,NA
"br","hu",0.270891713603182,NA
"br","hy",0.231885614365733,NA
"br","is",0.184678861749311,NA
"br","it",0.280584701591496,NA
"br","ja",0.164725301337074,NA
"br","ka",0.233316446776906,NA
"br","kk",0.21346049498644,NA
"br","kn",0.185240853291903,NA
"br","ko",0.188603366304436,NA
"br","la",0.175912137657142,NA
"br","lt",0.258998747259857,NA
"br","lv",0.263181703028159,NA
"br","ml",0.21190131161967,NA
"br","nl",0.258536171779654,NA
"br","no",0.235273994238887,NA
"br","os",0.180846811112566,NA
"br","pl",0.266121380108743,NA
"br","pt",0.26733723845617,NA
"br","ro",0.24480216179706,NA
"br","ru",0.245521459987969,NA
"br","se",0.175130726635205,NA
"br","sk",0.247474566585167,NA
"br","sq",0.21898099539391,NA
"br","sv",0.23465532159009,NA
"br","ta",0.212468014232758,NA
"br","te",0.207765538516559,NA
"br","tr",0.250953943337353,NA
"br","tt",0.183374862615473,NA
"br","uk",0.250335402205003,NA
"ca","ce",0.176960540039443,NA
"ca","cs",0.354312612157333,NA
"ca","cv",0.183346236789492,NA
"ca","cy",0.245033793730883,NA
"ca","da",0.335104790379902,NA
"ca","de",0.373205260509668,NA
"ca","el",0.336125968721131,NA
"ca","en",0.355523252577935,NA
"ca","es",0.436717150570489,NA
"ca","eu",0.313646442271845,NA
"ca","fi",0.326842938024856,NA
"ca","fr",0.379996467206755,NA
"ca","ga",0.217988577648952,NA
"ca","he",0.259447165273751,NA
"ca","hi",0.306560129054501,NA
"ca","hr",0.309881372324985,NA
"ca","hu",0.333487382730222,NA
"ca","hy",0.304465729409072,NA
"ca","is",0.234750115914794,NA
"ca","it",0.393814798232592,NA
"ca","ja",0.247188786084336,NA
"ca","ka",0.305023273497612,NA
"ca","kk",0.279245987309119,NA
"ca","kn",0.267668757314045,NA
"ca","ko",0.261374067117992,NA
"ca","la",0.220333042725892,NA
"ca","lt",0.334020564471615,NA
"ca","lv",0.328336033359265,NA
"ca","ml",0.279660191557989,NA
"ca","nl",0.340350249908552,NA
"ca","no",0.322235664372101,NA
"ca","os",0.222976171284798,NA
"ca","pl",0.352088322937405,NA
"ca","pt",0.37380028270565,NA
"ca","ro",0.307337463406286,NA
"ca","ru",0.357145957965144,NA
"ca","se",0.202029713183562,NA
"ca","sk",0.312006798008727,NA
"ca","sq",0.272151270311755,NA
"ca","sv",0.312594762946424,NA
"ca","ta",0.283303025048783,NA
"ca","te",0.27822767845053,NA
"ca","tr",0.316033391412885,NA
"ca","tt",0.233987829559361,NA
"ca","uk",0.355963769888338,NA
"ce","cs",0.187712754502555,NA
"ce","cv",0.11640925945256,NA
"ce","cy",0.1303445588641,NA
"ce","da",0.15604004354302,NA
"ce","de",0.167202867097074,NA
"ce","el",0.161528516824065,NA
"ce","en",0.154024004252126,NA
"ce","es",0.186088095505614,NA
"ce","eu",0.182948461554675,NA
"ce","fi",0.181237808103317,NA
"ce","fr",0.184532779623438,NA
"ce","ga",0.11034696437508,NA
"ce","he",0.126749787429651,NA
"ce","hi",0.192444503599995,NA
"ce","hr",0.17655820107853,NA
"ce","hu",0.181515743852341,NA
"ce","hy",0.16165250924883,NA
"ce","is",0.123332956059237,NA
"ce","it",0.185173933736902,NA
"ce","ja",0.0939035438489778,NA
"ce","ka",0.157176683027883,NA
"ce","kk",0.168627034898044,NA
"ce","kn",0.113476129802863,NA
"ce","ko",0.124309183188595,NA
"ce","la",0.121700026676136,NA
"ce","lt",0.186540116961115,NA
"ce","lv",0.177616660150826,NA
"ce","ml",0.148427918661481,NA
"ce","nl",0.178620026902426,NA
"ce","no",0.155074499261663,NA
"ce","os",0.107059620279326,NA
"ce","pl",0.169453394491697,NA
"ce","pt",0.184305835622783,NA
"ce","ro",0.170448645037181,NA
"ce","ru",0.168479372005142,NA
"ce","se",0.141529795421817,NA
"ce","sk",0.180259342296155,NA
"ce","sq",0.140579681371627,NA
"ce","sv",0.159908897398969,NA
"ce","ta",0.121416420071688,NA
"ce","te",0.135440591637409,NA
"ce","tr",0.17565247271609,NA
"ce","tt",0.123914397432279,NA
"ce","uk",0.17487111182346,NA
"cs","cv",0.188576464448743,NA
"cs","cy",0.23775527305854,NA
"cs","da",0.35112531331383,NA
"cs","de",0.40404742954937,NA
"cs","el",0.355914480579497,NA
"cs","en",0.354924644574786,NA
"cs","es",0.375961254625942,NA
"cs","eu",0.312759242040491,NA
"cs","fi",0.358846862968187,NA
"cs","fr",0.356595064788777,NA
"cs","ga",0.225005793447303,NA
"cs","he",0.268548416156301,NA
"cs","hi",0.318691870214404,NA
"cs","hr",0.34194316671023,NA
"cs","hu",0.360916832073811,NA
"cs","hy",0.314462420834424,NA
"cs","is",0.25039884189624,NA
"cs","it",0.372012321719396,NA
"cs","ja",0.24728171374391,NA
"cs","ka",0.326002323436216,NA
"cs","kk",0.280230439199538,NA
"cs","kn",0.284502464112104,NA
"cs","ko",0.279549797489073,NA
"cs","la",0.226038015119393,NA
"cs","lt",0.347334060232858,NA
"cs","lv",0.344367519764564,NA
"cs","ml",0.299936362070349,NA
"cs","nl",0.350143697077586,NA
"cs","no",0.343965736378205,NA
"cs","os",0.226052097326723,NA
"cs","pl",0.406737952446144,NA
"cs","pt",0.35197998103985,NA
"cs","ro",0.313809064387847,NA
"cs","ru",0.408657868746789,NA
"cs","se",0.206917477209525,NA
"cs","sk",0.40123588461816,NA
"cs","sq",0.281001242891031,NA
"cs","sv",0.329272444246137,NA
"cs","ta",0.299828480683496,NA
"cs","te",0.289567772692915,NA
"cs","tr",0.335992427158693,NA
"cs","tt",0.248190370254077,NA
"cs","uk",0.402848764189144,NA
"cv","cy",0.14403681188638,NA
"cv","da",0.171383217665484,NA
"cv","de",0.18109057188152,NA
"cv","el",0.172146134056207,NA
"cv","en",0.159401509131158,NA
"cv","es",0.212012846020621,NA
"cv","eu",0.216347157580758,NA
"cv","fi",0.196803894990206,NA
"cv","fr",0.202422923021512,NA
"cv","ga",0.132772370009307,NA
"cv","he",0.149406779395267,NA
"cv","hi",0.221410441923559,NA
"cv","hr",0.190484809564607,NA
"cv","hu",0.215594956045219,NA
"cv","hy",0.182901091971954,NA
"cv","is",0.177468704556965,NA
"cv","it",0.192324915329703,NA
"cv","ja",0.103054671879964,NA
"cv","ka",0.182613578941428,NA
"cv","kk",0.168996480473839,NA
"cv","kn",0.123399799973546,NA
"cv","ko",0.110824549724662,NA
"cv","la",0.138688658732592,NA
"cv","lt",0.20422023564522,NA
"cv","lv",0.19337457115965,NA
"cv","ml",0.155305965741345,NA
"cv","nl",0.198716525606816,NA
"cv","no",0.177581737610127,NA
"cv","os",0.170368838221789,NA
"cv","pl",0.194049429003077,NA
"cv","pt",0.19705813991935,NA
"cv","ro",0.184671753671228,NA
"cv","ru",0.184745208672933,NA
"cv","se",0.115991075247688,NA
"cv","sk",0.205308209005112,NA
"cv","sq",0.166783406115886,NA
"cv","sv",0.166282102522648,NA
"cv","ta",0.139375085300225,NA
"cv","te",0.148597754161879,NA
"cv","tr",0.201224503233262,NA
"cv","tt",0.171413748054491,NA
"cv","uk",0.190661166795631,NA
"cy","da",0.21939414123831,NA
"cy","de",0.234056086016827,NA
"cy","el",0.222903598604202,NA
"cy","en",0.23303136565395,NA
"cy","es",0.253325043739331,NA
"cy","eu",0.231222107881644,NA
"cy","fi",0.226873344209975,NA
"cy","fr",0.242361339589301,NA
"cy","ga",0.169372984825436,NA
"cy","he",0.174833560122795,NA
"cy","hi",0.232643068146318,NA
"cy","hr",0.22087117575825,NA
"cy","hu",0.241272561115439,NA
"cy","hy",0.213453504617243,NA
"cy","is",0.169861318586617,NA
"cy","it",0.251084514411133,NA
"cy","ja",0.161907490223459,NA
"cy","ka",0.220852456087852,NA
"cy","kk",0.200072387453594,NA
"cy","kn",0.176096932701741,NA
"cy","ko",0.172948334369381,NA
"cy","la",0.149800133876044,NA
"cy","lt",0.238811709624111,NA
"cy","lv",0.236876449987672,NA
"cy","ml",0.202177792058646,NA
"cy","nl",0.235203572806171,NA
"cy","no",0.217213718933358,NA
"cy","os",0.155150938524042,NA
"cy","pl",0.234446530562517,NA
"cy","pt",0.245549034538301,NA
"cy","ro",0.216426819045311,NA
"cy","ru",0.218903024440205,NA
"cy","se",0.151861073379848,NA
"cy","sk",0.224651784863591,NA
"cy","sq",0.186357519666684,NA
"cy","sv",0.208468697558476,NA
"cy","ta",0.19478242932247,NA
"cy","te",0.195101790280501,NA
"cy","tr",0.228020648615266,NA
"cy","tt",0.160421693633659,NA
"cy","uk",0.226746857821988,NA
"da","de",0.393201776931725,NA
"da","el",0.313251488764209,NA
"da","en",0.350122978252279,NA
"da","es",0.352994805184694,NA
"da","eu",0.295294942618463,NA
"da","fi",0.323616006430837,NA
"da","fr",0.332012854757555,NA
"da","ga",0.197508854479691,NA
"da","he",0.240105085609856,NA
"da","hi",0.298956653129213,NA
"da","hr",0.293609739415955,NA
"da","hu",0.329139985000896,NA
"da","hy",0.282264736789776,NA
"da","is",0.239873503586036,NA
"da","it",0.346984943691946,NA
"da","ja",0.229216641898207,NA
"da","ka",0.294426884405519,NA
"da","kk",0.253644235294869,NA
"da","kn",0.259750295057237,NA
"da","ko",0.252941037200752,NA
"da","la",0.19803047798571,NA
"da","lt",0.311644091163783,NA
"da","lv",0.314404526319299,NA
"da","ml",0.266439082022113,NA
"da","nl",0.355336463712123,NA
"da","no",0.43688427632418,NA
"da","os",0.175659420571792,NA
"da","pl",0.338217608017309,NA
"da","pt",0.331560796053646,NA
"da","ro",0.290671215670587,NA
"da","ru",0.339657283365237,NA
"da","se",0.162335688419453,NA
"da","sk",0.307547671846945,NA
"da","sq",0.254127825606388,NA
"da","sv",0.35847701230812,NA
"da","ta",0.279194911967429,NA
"da","te",0.26446742890381,NA
"da","tr",0.304135182223996,NA
"da","tt",0.215013250254718,NA
"da","uk",0.337546602642901,NA
"de","el",0.361696288777361,NA
"de","en",0.40061113812831,NA
"de","es",0.397985192707376,NA
"de","eu",0.310517521167319,NA
"de","fi",0.36061184292873,NA
"de","fr",0.38064039122039,NA
"de","ga",0.212178528198378,NA
"de","he",0.265468119144542,NA
"de","hi",0.32495191322002,NA
"de","hr",0.330870705022028,NA
"de","hu",0.372059536620398,NA
"de","hy",0.314188404875,NA
"de","is",0.247748637109571,NA
"de","it",0.388349284427461,NA
"de","ja",0.254079678407695,NA
"de","ka",0.310990467981049,NA
"de","kk",0.284699473837016,NA
"de","kn",0.280572447185256,NA
"de","ko",0.264680238570194,NA
"de","la",0.207722163611481,NA
"de","lt",0.344310878370984,NA
"de","lv",0.345185722153936,NA
"de","ml",0.284717191555876,NA
"de","nl",0.418199220784213,NA
"de","no",0.380307787417306,NA
"de","os",0.190832879310304,NA
"de","pl",0.395955528433438,NA
"de","pt",0.370149824713148,NA
"de","ro",0.327281417396068,NA
"de","ru",0.392506218983654,NA
"de","se",0.184864022073376,NA
"de","sk",0.348570769810941,NA
"de","sq",0.274026251037657,NA
"de","sv",0.358947270689561,NA
"de","ta",0.293591544138823,NA
"de","te",0.28352894556383,NA
"de","tr",0.341544467214422,NA
"de","tt",0.24084975159701,NA
"de","uk",0.387411047140616,NA
"el","en",0.334801079947434,NA
"el","es",0.357954158493201,NA
"el","eu",0.287942116415465,NA
"el","fi",0.324311031917933,NA
"el","fr",0.335197671434243,NA
"el","ga",0.207608254020126,NA
"el","he",0.253485895785954,NA
"el","hi",0.301577187375262,NA
"el","hr",0.312950807215575,NA
"el","hu",0.335241087751756,NA
"el","hy",0.28985682171189,NA
"el","is",0.233187236794278,NA
"el","it",0.341441801074752,NA
"el","ja",0.231108331128496,NA
"el","ka",0.292033134197067,NA
"el","kk",0.261198416271293,NA
"el","kn",0.262622907375386,NA
"el","ko",0.264467258622523,NA
"el","la",0.205523850989781,NA
"el","lt",0.31819228487074,NA
"el","lv",0.315443494871893,NA
"el","ml",0.27922421884813,NA
"el","nl",0.321556298817104,NA
"el","no",0.312830503684719,NA
"el","os",0.206278766223136,NA
"el","pl",0.347755659579269,NA
"el","pt",0.335080025517776,NA
"el","ro",0.297512354472612,NA
"el","ru",0.350266480273993,NA
"el","se",0.210107139012994,NA
"el","sk",0.307311422756754,NA
"el","sq",0.278483279381236,NA
"el","sv",0.301274638229435,NA
"el","ta",0.286845531180413,NA
"el","te",0.281390706155346,NA
"el","tr",0.314552797776299,NA
"el","tt",0.222010334932175,NA
"el","uk",0.345253429659717,NA
"en","es",0.388420154953946,NA
"en","eu",0.303200826269477,NA
"en","fi",0.338517734922469,NA
"en","fr",0.362282316747779,NA
"en","ga",0.206502069432185,NA
"en","he",0.252350174548609,NA
"en","hi",0.31101126679012,NA
"en","hr",0.298228716646216,NA
"en","hu",0.340864334784488,NA
"en","hy",0.299180129316796,NA
"en","is",0.233577139495483,NA
"en","ja",0.235825227415048,NA
"en","ka",0.30167145895054,NA
"en","kk",0.271401503594062,NA
"en","kn",0.280620779859558,NA
"en","ko",0.255222971768165,NA
"en","la",0.195602934475444,NA
"en","lv",0.319661648130539,NA
"en","ml",0.280664001702983,NA
"en","nl",0.362821324641966,NA
"en","no",0.343202805262204,NA
"en","os",0.181805742898506,NA
"en","pl",0.348838652423224,NA
"en","pt",0.362063444988009,NA
"en","ro",0.307168551508414,NA
"en","ru",0.356647223843012,NA
"en","se",0.170818828184974,NA
"en","sk",0.313404109337735,NA
"en","sq",0.263354677526086,NA
"en","sv",0.325960357282828,NA
"en","ta",0.298465114488752,NA
"en","tr",0.333286195410349,NA
"en","tt",0.22687105092614,NA
"en","uk",0.347097877478399,NA
"es","eu",0.325367747226654,NA
"es","fi",0.358313459558928,NA
"es","fr",0.395463186877098,NA
"es","ga",0.231795133034542,NA
"es","he",0.27412069247104,NA
"es","hi",0.319405968600938,NA
"es","hr",0.321967401868652,NA
"es","hu",0.360491948689235,NA
"es","hy",0.315601099462452,NA
"es","is",0.258040795516002,NA
"es","it",0.40402349371239,NA
"es","ja",0.277117461727189,NA
"es","ka",0.313786928760423,NA
"es","kk",0.294448644235532,NA
"es","kn",0.296752566929186,NA
"es","ko",0.280934511169846,NA
"es","lt",0.340526329876689,NA
"es","lv",0.345440585322939,NA
"es","ml",0.300426785934878,NA
"es","nl",0.359158747459946,NA
"es","no",0.34068354428928,NA
"es","os",0.231365652311932,NA
"es","pl",0.372180262258246,NA
"es","ro",0.331013460338652,NA
"es","ru",0.383371810590809,NA
"es","se",0.208070076087152,NA
"es","sk",0.331612958271074,NA
"es","sq",0.28953629355544,NA
"es","sv",0.32749219526141,NA
"es","ta",0.31792207480091,NA
"es","te",0.30964917138288,NA
"es","tr",0.342617033144306,NA
"es","tt",0.259599931087489,NA
"es","uk",0.376648828670449,NA
"eu","fi",0.297158632946401,NA
"eu","fr",0.300002519225436,NA
"eu","ga",0.210105623134347,NA
"eu","he",0.225757597664677,NA
"eu","hi",0.286430132137913,NA
"eu","hr",0.282978021125473,NA
"eu","hu",0.304444631884342,NA
"eu","hy",0.272779968068126,NA
"eu","is",0.216605330749652,NA
"eu","it",0.30948685084521,NA
"eu","ja",0.202156264040242,NA
"eu","ka",0.274132165078025,NA
"eu","kk",0.250724997568339,NA
"eu","kn",0.25841452499701,NA
"eu","ko",0.248673215299833,NA
"eu","la",0.205446292860925,NA
"eu","lt",0.2856906304313,NA
"eu","lv",0.291844968181858,NA
"eu","ml",0.264712274241614,NA
"eu","nl",0.298000106602376,NA
"eu","no",0.285216290194934,NA
"eu","os",0.200383589394821,NA
"eu","pl",0.303285577368579,NA
"eu","pt",0.300530706281322,NA
"eu","ro",0.278186881506916,NA
"eu","ru",0.297275496951626,NA
"eu","se",0.185357507384978,NA
"eu","sk",0.286780745776613,NA
"eu","sq",0.254523660855895,NA
"eu","sv",0.277484474277652,NA
"eu","ta",0.259835774418612,NA
"eu","te",0.252595184679273,NA
"eu","tr",0.296687571088886,NA
"eu","tt",0.220569588759323,NA
"eu","uk",0.304715946190763,NA
"fi","fr",0.328300374738613,NA
"fi","ga",0.209895416137972,NA
"fi","he",0.254203086389154,NA
"fi","hi",0.302686917046055,NA
"fi","hr",0.311328854022043,NA
"fi","hu",0.33958637450306,NA
"fi","hy",0.288251055321887,NA
"fi","is",0.235140935216022,NA
"fi","it",0.339662957752477,NA
"fi","ja",0.229701680766513,NA
"fi","ka",0.304589158485092,NA
"fi","kk",0.265439286503408,NA
"fi","kn",0.269657193741573,NA
"fi","ko",0.25755448205636,NA
"fi","la",0.211999034324682,NA
"fi","lt",0.323758115146894,NA
"fi","lv",0.330956938933809,NA
"fi","ml",0.276208744134296,NA
"fi","nl",0.332122403256259,NA
"fi","no",0.324906874413128,NA
"fi","os",0.211364907777417,NA
"fi","pl",0.342895365131718,NA
"fi","pt",0.32715065763425,NA
"fi","ro",0.289325683529319,NA
"fi","ru",0.351678331778361,NA
"fi","se",0.204738106051835,NA
"fi","sk",0.315187319824237,NA
"fi","sq",0.260361483034538,NA
"fi","sv",0.306916863613468,NA
"fi","ta",0.291689214480789,NA
"fi","te",0.284705519540661,NA
"fi","tr",0.311611463964721,NA
"fi","tt",0.238532378888016,NA
"fi","uk",0.350285328144401,NA
"fr","ga",0.220691281767311,NA
"fr","he",0.262102630684871,NA
"fr","hi",0.3035389626706,NA
"fr","hr",0.308600630191205,NA
"fr","hu",0.341024301759715,NA
"fr","hy",0.30233851888938,NA
"fr","is",0.24181631991065,NA
"fr","it",0.391198805122535,NA
"fr","ja",0.251392818569796,NA
"fr","ka",0.30214375373257,NA
"fr","kk",0.272784327686084,NA
"fr","kn",0.281995560621189,NA
"fr","ko",0.266690156217066,NA
"fr","la",0.222289116171483,NA
"fr","lt",0.322138089004579,NA
"fr","lv",0.323445066325032,NA
"fr","ml",0.282325178561678,NA
"fr","nl",0.341178505397035,NA
"fr","no",0.320612486819988,NA
"fr","os",0.228721966794431,NA
"fr","pl",0.356251207454062,NA
"fr","pt",0.373155166194201,NA
"fr","ro",0.312502765885713,NA
"fr","ru",0.357012036036621,NA
"fr","se",0.205985104724528,NA
"fr","sk",0.320059942657886,NA
"fr","sq",0.280375183725209,NA
"fr","sv",0.312016818342486,NA
"fr","ta",0.290971407643704,NA
"fr","te",0.293280147840372,NA
"fr","tr",0.316750253874086,NA
"fr","tt",0.241811930870975,NA
"fr","uk",0.349076889571214,NA
"ga","he",0.153555292443305,NA
"ga","hi",0.220463790222113,NA
"ga","hr",0.210318693800946,NA
"ga","hu",0.229955775975257,NA
"ga","hy",0.190182432659264,NA
"ga","is",0.152402433822585,NA
"ga","it",0.227941579351829,NA
"ga","ja",0.127992797573791,NA
"ga","ka",0.189141130081073,NA
"ga","kk",0.178392009243976,NA
"ga","kn",0.165360278251432,NA
"ga","ko",0.16079343584632,NA
"ga","la",0.149528482395631,NA
"ga","lt",0.221964734415381,NA
"ga","lv",0.211977977099877,NA
"ga","ml",0.18192325131425,NA
"ga","nl",0.212755152419199,NA
"ga","no",0.194874453735911,NA
"ga","os",0.16110017067364,NA
"ga","pl",0.218471317272507,NA
"ga","pt",0.216516588671105,NA
"ga","ro",0.193226474668403,NA
"ga","ru",0.207502822465578,NA
"ga","se",0.139733825276381,NA
"ga","sk",0.206023013294382,NA
"ga","sq",0.169028070354446,NA
"ga","sv",0.205393590785734,NA
"ga","ta",0.164553677422509,NA
"ga","te",0.174422382637428,NA
"ga","tr",0.214372535240057,NA
"ga","tt",0.152050277999042,NA
"ga","uk",0.214345635195503,NA
"he","hi",0.248612384836284,NA
"he","hr",0.239447757143983,NA
"he","hu",0.268369612987019,NA
"he","hy",0.221736090826406,NA
"he","is",0.171515196443958,NA
"he","it",0.263778817845646,NA
"he","ja",0.173411320476151,NA
"he","ka",0.230899375456272,NA
"he","kk",0.213175155590242,NA
"he","kn",0.197194060879129,NA
"he","ko",0.187906102284775,NA
"he","la",0.155781698541504,NA
"he","lt",0.25430656498199,NA
"he","lv",0.246328884659815,NA
"he","ml",0.197295998114678,NA
"he","nl",0.255781845317279,NA
"he","no",0.236984814793987,NA
"he","os",0.138261350796615,NA
"he","pl",0.255091652764318,NA
"he","pt",0.263248364924733,NA
"he","ro",0.229949589123884,NA
"he","ru",0.262413109268893,NA
"he","se",0.137233138713523,NA
"he","sk",0.248087031420859,NA
"he","sq",0.201054148179967,NA
"he","sv",0.230210093047549,NA
"he","ta",0.210362440112781,NA
"he","te",0.190290560715077,NA
"he","tr",0.252104874658801,NA
"he","tt",0.167912050430184,NA
"he","uk",0.257278547808495,NA
"hi","hr",0.284960413995351,NA
"hi","hu",0.305874242902306,NA
"hi","hy",0.289195504358663,NA
"hi","is",0.242631785669676,NA
"hi","it",0.310643008946813,NA
"hi","ja",0.2272753826058,NA
"hi","ka",0.291052237309103,NA
"hi","kk",0.264181283983075,NA
"hi","kn",0.276998754691296,NA
"hi","ko",0.264959614858884,NA
"hi","la",0.223818428104186,NA
"hi","lt",0.294811539129314,NA
"hi","lv",0.296548644450329,NA
"hi","ml",0.28615257920198,NA
"hi","nl",0.303829454578556,NA
"hi","no",0.291263527831437,NA
"hi","os",0.237787902004756,NA
"hi","pl",0.307642221287543,NA
"hi","pt",0.301002127502374,NA
"hi","ro",0.271799271494435,NA
"hi","ru",0.317172579334366,NA
"hi","se",0.234058487599357,NA
"hi","sk",0.28482674683085,NA
"hi","sl",0.223097161016495,NA
"hi","sq",0.261517853218704,NA
"hi","sv",0.285405114396181,NA
"hi","ta",0.287002337405179,NA
"hi","te",0.28326324451175,NA
"hi","tr",0.302416714742656,NA
"hi","tt",0.247482686496718,NA
"hi","uk",0.314603298236121,NA
"hr","hu",0.313582685057948,NA
"hr","hy",0.282541310796973,NA
"hr","is",0.22921747339868,NA
"hr","it",0.320897058706048,NA
"hr","ja",0.216291588421899,NA
"hr","ka",0.287015378166391,NA
"hr","kk",0.259284711274261,NA
"hr","kn",0.257768629625561,NA
"hr","ko",0.240509478208519,NA
"hr","la",0.209322702799765,NA
"hr","lt",0.303281855812311,NA
"hr","lv",0.315205325114196,NA
"hr","ml",0.263199791033524,NA
"hr","nl",0.302722838417072,NA
"hr","no",0.292243415735504,NA
"hr","os",0.212074457851829,NA
"hr","pl",0.332871661297848,NA
"hr","pt",0.305308552398557,NA
"hr","ro",0.276277263783834,NA
"hr","ru",0.348530571029547,NA
"hr","se",0.217616680269023,NA
"hr","sk",0.312989714421065,NA
"hr","sq",0.266183350389854,NA
"hr","sv",0.275373853221658,NA
"hr","ta",0.271801394956732,NA
"hr","te",0.26884808786095,NA
"hr","tr",0.292115932276769,NA
"hr","tt",0.230045091512521,NA
"hr","uk",0.347841500207841,NA
"hu","hy",0.302524900166455,NA
"hu","is",0.241377231253599,NA
"hu","it",0.348988891988497,NA
"hu","ja",0.238654144915763,NA
"hu","ka",0.306695462765496,NA
"hu","kk",0.276541603760459,NA
"hu","kn",0.28447266365525,NA
"hu","ko",0.257049089672786,NA
"hu","la",0.220526248691588,NA
"hu","lt",0.323977650689848,NA
"hu","lv",0.332293023772108,NA
"hu","ml",0.278492299619328,NA
"hu","nl",0.336996785280149,NA
"hu","no",0.327987989534223,NA
"hu","os",0.201239114598574,NA
"hu","pl",0.352865668602084,NA
"hu","pt",0.34050720841906,NA
"hu","ro",0.30859161797201,NA
"hu","ru",0.352838933835311,NA
"hu","se",0.192784932306091,NA
"hu","sk",0.325664640538265,NA
"hu","sq",0.276133376528555,NA
"hu","sv",0.313204196982953,NA
"hu","ta",0.294046475221099,NA
"hu","te",0.277050071638862,NA
"hu","tr",0.324230078055189,NA
"hu","tt",0.246217796745129,NA
"hu","uk",0.349984116929822,NA
"hy","is",0.219296633863381,NA
"hy","it",0.316512547309954,NA
"hy","ja",0.200759497094721,NA
"hy","ka",0.279012990745338,NA
"hy","kk",0.252013369194297,NA
"hy","kn",0.243547766962739,NA
"hy","ko",0.238099022548564,NA
"hy","la",0.190293963965608,NA
"hy","lt",0.29918243002464,NA
"hy","lv",0.299019516294752,NA
"hy","ml",0.263981445239136,NA
"hy","nl",0.292719917274831,NA
"hy","no",0.276727877616202,NA
"hy","os",0.203395811201605,NA
"hy","pl",0.313129475435148,NA
"hy","pt",0.300612487406609,NA
"hy","ro",0.274841773169664,NA
"hy","ru",0.314252971385737,NA
"hy","se",0.197823216109213,NA
"hy","sk",0.290005083608583,NA
"hy","sq",0.246390257168997,NA
"hy","sv",0.272255787923911,NA
"hy","ta",0.23907435994043,NA
"hy","te",0.254115352104856,NA
"hy","tr",0.294853351499734,NA
"hy","tt",0.221799052262525,NA
"hy","uk",0.316193496698129,NA
"is","it",0.251018072102093,NA
"is","ja",0.156349384143592,NA
"is","ka",0.217693513037919,NA
"is","kk",0.189015259287757,NA
"is","kn",0.187559062343848,NA
"is","ko",0.181672141555141,NA
"is","la",0.158311499033003,NA
"is","lt",0.235503596263641,NA
"is","lv",0.24574025623118,NA
"is","ml",0.213311004347062,NA
"is","nl",0.245370163393981,NA
"is","no",0.23517391211285,NA
"is","os",0.17433492725159,NA
"is","pl",0.235175303965945,NA
"is","pt",0.238868276014518,NA
"is","ro",0.222284569517681,NA
"is","ru",0.233122515155202,NA
"is","se",0.168911578697775,NA
"is","sk",0.240758012514798,NA
"is","sq",0.19430557460477,NA
"is","sv",0.227702770595233,NA
"is","ta",0.198474503146305,NA
"is","te",0.207140264508165,NA
"is","tr",0.229066864082379,NA
"is","tt",0.170232014517166,NA
"is","uk",0.240291597008203,NA
"it","ja",0.260097889192035,NA
"it","ka",0.311670730765158,NA
"it","kk",0.283186924462639,NA
"it","kn",0.284627988470148,NA
"it","ko",0.27714798833142,NA
"it","la",0.225546595240173,NA
"it","lt",0.331121363583556,NA
"it","lv",0.333693088280715,NA
"it","ml",0.293037040558869,NA
"it","nl",0.3491631001917,NA
"it","no",0.337475803762279,NA
"it","os",0.223582505804265,NA
"it","pl",0.356652578484519,NA
"it","pt",0.379162950972842,NA
"it","ro",0.315700589079519,NA
"it","ru",0.365603682227212,NA
"it","se",0.21059044145078,NA
"it","sk",0.329193959081576,NA
"it","sq",0.281774629796526,NA
"it","sv",0.319077565317652,NA
"it","ta",0.298864561178051,NA
"it","te",0.2971809315149,NA
"it","tr",0.329244074214545,NA
"it","tt",0.244923673110549,NA
"it","uk",0.363055706846285,NA
"ja","ka",0.193706954332438,NA
"ja","kk",0.188006773873201,NA
"ja","kn",0.147358286126462,NA
"ja","ko",0.183915387027383,NA
"ja","la",0.148610237406311,NA
"ja","lt",0.228979518911842,NA
"ja","lv",0.209067185788329,NA
"ja","ml",0.179787004271854,NA
"ja","nl",0.23703428489399,NA
"ja","no",0.228883841200479,NA
"ja","os",0.125462484187629,NA
"ja","pl",0.23373236134396,NA
"ja","pt",0.251810426056964,NA
"ja","ro",0.212863527124795,NA
"ja","ru",0.244618753623925,NA
"ja","se",0.10353736320938,NA
"ja","sk",0.210531269213495,NA
"ja","sq",0.182041578403229,NA
"ja","sv",0.215124663051105,NA
"ja","ta",0.181755391772906,NA
"ja","te",0.161594696170979,NA
"ja","tr",0.223710024108284,NA
"ja","tt",0.153275341235969,NA
"ja","uk",0.240934128406722,NA
"ka","kk",0.247685002935576,NA
"ka","kn",0.242317474925793,NA
"ka","ko",0.235933995026021,NA
"ka","la",0.203526850266451,NA
"ka","lt",0.293392672533534,NA
"ka","lv",0.288769472873845,NA
"ka","ml",0.26351982027516,NA
"ka","nl",0.295245761817698,NA
"ka","no",0.285809055604377,NA
"ka","os",0.208501654023036,NA
"ka","pl",0.312539182029596,NA
"ka","pt",0.298873710653291,NA
"ka","ro",0.281143015475698,NA
"ka","ru",0.32012634029311,NA
"ka","se",0.206368383926246,NA
"ka","sk",0.293278472238878,NA
"ka","sq",0.250189732870486,NA
"ka","sv",0.272167239025937,NA
"ka","ta",0.257209411244333,NA
"ka","te",0.258713637904255,NA
"ka","tr",0.296057407145462,NA
"ka","tt",0.215332700312362,NA
"ka","uk",0.323303510508856,NA
"kk","kn",0.228952833891411,NA
"kk","ko",0.218566419626407,NA
"kk","la",0.176436259894151,NA
"kk","lt",0.273025223398374,NA
"kk","lv",0.26952849941634,NA
"kk","ml",0.230685371094297,NA
"kk","nl",0.272918211970956,NA
"kk","no",0.25015683081144,NA
"kk","os",0.202080145693713,NA
"kk","pl",0.269320067114832,NA
"kk","pt",0.279005156491173,NA
"kk","ro",0.247113745742864,NA
"kk","ru",0.283820502594831,NA
"kk","se",0.176718723287988,NA
"kk","sk",0.255805839851823,NA
"kk","sq",0.218895713919213,NA
"kk","sv",0.251505273724545,NA
"kk","ta",0.234354799214907,NA
"kk","te",0.238433835912042,NA
"kk","tr",0.270538618793607,NA
"kk","tt",0.235381686148727,NA
"kk","uk",0.284055627658999,NA
"kn","ko",0.19429345928133,NA
"kn","la",0.167205259305684,NA
"kn","lt",0.27600486364277,NA
"kn","lv",0.256214671433444,NA
"kn","ml",0.249120831540642,NA
"kn","nl",0.269177571036832,NA
"kn","no",0.251984694162691,NA
"kn","os",0.134844649911616,NA
"kn","pl",0.274208271044138,NA
"kn","pt",0.281640688466714,NA
"kn","ro",0.245226129282187,NA
"kn","ru",0.265124809415586,NA
"kn","se",0.0995638729679744,NA
"kn","sk",0.25611462708535,NA
"kn","sq",0.218394009336909,NA
"kn","sv",0.256057131104537,NA
"kn","ta",0.26718437104129,NA
"kn","te",0.257295072879325,NA
"kn","tr",0.27877037585588,NA
"kn","tt",0.190016867007364,NA
"kn","uk",0.28097199982601,NA
"ko","la",0.154194903392474,NA
"ko","lt",0.264870831375655,NA
"ko","lv",0.243817650194769,NA
"ko","ml",0.235863795009503,NA
"ko","nl",0.256295886651968,NA
"ko","no",0.247118205878824,NA
"ko","os",0.14653146537113,NA
"ko","pl",0.269162958400815,NA
"ko","pt",0.268281790752103,NA
"ko","ro",0.238128476779994,NA
"ko","ru",0.258407967362129,NA
"ko","se",0.147976080408875,NA
"ko","sk",0.25521410066393,NA
"ko","sq",0.209234405766124,NA
"ko","sv",0.245147730291329,NA
"ko","ta",0.204513303252729,NA
"ko","te",0.212880959213053,NA
"ko","tr",0.273019427661225,NA
"ko","tt",0.165288531832368,NA
"ko","uk",0.263256534365548,NA
"la","lt",0.214339077362539,NA
"la","lv",0.209504547311244,NA
"la","ml",0.18727587643869,NA
"la","nl",0.21201474228576,NA
"la","no",0.193849708574784,NA
"la","os",0.18154850617077,NA
"la","pl",0.214640176857989,NA
"la","pt",0.224441608688552,NA
"la","ro",0.20190437401685,NA
"la","ru",0.198280519468013,NA
"la","se",0.17426586396969,NA
"la","sk",0.204380151540521,NA
"la","sq",0.176294855603918,NA
"la","sv",0.191752355730699,NA
"la","ta",0.177216635072958,NA
"la","te",0.179469704091181,NA
"la","tr",0.203685574117359,NA
"la","tt",0.160357455626889,NA
"la","uk",0.207540027798537,NA
"lt","lv",0.339047612146078,NA
"lt","ml",0.279599918734308,NA
"lt","nl",0.318559567246945,NA
"lt","no",0.300475131461533,NA
"lt","os",0.215438411623751,NA
"lt","pl",0.347493198846412,NA
"lt","pt",0.324709574421884,NA
"lt","ro",0.294646701029358,NA
"lt","ru",0.344985284536025,NA
"lt","se",0.202468803051357,NA
"lt","sk",0.316430284332849,NA
"lt","sq",0.269015992405033,NA
"lt","sv",0.295288771886944,NA
"lt","ta",0.288489374755967,NA
"lt","te",0.278785871102508,NA
"lt","tr",0.306979554652526,NA
"lt","tt",0.243815060484243,NA
"lt","uk",0.350283893624804,NA
"lv","ml",0.267209030026914,NA
"lv","nl",0.322851953275611,NA
"lv","no",0.310644429355429,NA
"lv","os",0.21295089540606,NA
"lv","pl",0.341145088725242,NA
"lv","pt",0.328523640277636,NA
"lv","ro",0.298085750037461,NA
"lv","ru",0.339084229077884,NA
"lv","se",0.204815499802296,NA
"lv","sk",0.317468680368319,NA
"lv","sq",0.268752446065801,NA
"lv","sv",0.303668953293763,NA
"lv","ta",0.275758191559742,NA
"lv","te",0.272264067979048,NA
"lv","tr",0.312865332053846,NA
"lv","tt",0.247449312890896,NA
"lv","uk",0.347972447359228,NA
"ml","nl",0.275459936231544,NA
"ml","no",0.254887326860299,NA
"ml","os",0.191960364950397,NA
"ml","pl",0.284319722929803,NA
"ml","pt",0.279361147156348,NA
"ml","ro",0.246915165517004,NA
"ml","ru",0.285210902599593,NA
"ml","se",0.201402842678567,NA
"ml","sk",0.269459101973683,NA
"ml","sq",0.226222233956397,NA
"ml","sv",0.254421344594292,NA
"ml","ta",0.277595534340069,NA
"ml","te",0.259899365519322,NA
"ml","tr",0.270818729290543,NA
"ml","tt",0.205395204383698,NA
"ml","uk",0.282408105232507,NA
"nl","no",0.336030319799381,NA
"nl","os",0.193688697055492,NA
"nl","pl",0.342662760196445,NA
"nl","pt",0.335651075648453,NA
"nl","ro",0.303016299249177,NA
"nl","ru",0.341156692176092,NA
"nl","se",0.178432683129179,NA
"nl","sk",0.310413153216308,NA
"nl","sq",0.261242120348616,NA
"nl","sv",0.321232879327806,NA
"nl","ta",0.291208186798411,NA
"nl","te",0.27897774231874,NA
"nl","tr",0.309423853083553,NA
"nl","tt",0.241780128342017,NA
"nl","uk",0.339285232629508,NA
"no","os",0.185699033023226,NA
"no","pl",0.328386050020012,NA
"no","pt",0.325091135989529,NA
"no","ro",0.283856929642625,NA
"no","ru",0.328743129469291,NA
"no","se",0.172408866292349,NA
"no","sk",0.305239837185443,NA
"no","sq",0.250365149474345,NA
"no","sv",0.360967720005417,NA
"no","ta",0.272463628309961,NA
"no","te",0.258704937488039,NA
"no","tr",0.298247100760402,NA
"no","tt",0.215876810310313,NA
"no","uk",0.322811045678523,NA
"os","pl",0.209551777826053,NA
"os","pt",0.217605706606723,NA
"os","ro",0.196452823114337,NA
"os","ru",0.212511275661336,NA
"os","se",0.206163663889967,NA
"os","sk",0.210580094038717,NA
"os","sq",0.167908541164479,NA
"os","sv",0.182881298975296,NA
"os","ta",0.138078057094686,NA
"os","te",0.171050216739275,NA
"os","tr",0.232863026557876,NA
"os","tt",0.149163448134856,NA
"os","uk",0.228547510215297,NA
"pl","pt",0.351916817809193,NA
"pl","ro",0.311574688321507,NA
"pl","ru",0.427197605278566,NA
"pl","se",0.211090367959515,NA
"pl","sk",0.358702792846177,NA
"pl","sq",0.276171794445594,NA
"pl","sv",0.3191490198501,NA
"pl","ta",0.292067173647941,NA
"pl","te",0.2900443480648,NA
"pl","tr",0.324221420251675,NA
"pl","tt",0.238812037616993,NA
"pl","uk",0.422461875032317,NA
"pt","ro",0.307410442266129,NA
"pt","ru",0.357535109489848,NA
"pt","se",0.202659694901374,NA
"pt","sk",0.313441024267015,NA
"pt","sq",0.271139993823258,NA
"pt","sv",0.305429702695327,NA
"pt","ta",0.297468765293334,NA
"pt","te",0.284361788724997,NA
"pt","tr",0.321193480634212,NA
"pt","tt",0.237974634500261,NA
"pt","uk",0.353276468321188,NA
"ro","ru",0.309287750516561,NA
"ro","se",0.174270275309186,NA
"ro","sk",0.286673468616878,NA
"ro","sq",0.254179630223352,NA
"ro","sv",0.277630626805871,NA
"ro","ta",0.253108117595563,NA
"ro","te",0.251070637172189,NA
"ro","tr",0.283608870379315,NA
"ro","tt",0.2201611448823,NA
"ro","uk",0.312629171120674,NA
"ru","se",0.183885012638758,NA
"ru","sk",0.359919252173031,NA
"ru","sq",0.268854678174616,NA
"ru","sv",0.31295161793944,NA
"ru","ta",0.286826046494701,NA
"ru","te",0.280140586550725,NA
"ru","tr",0.335803088359103,NA
"ru","tt",0.241317487300672,NA
"ru","uk",0.508132022105926,NA
"se","sk",0.199116151462531,NA
"se","sq",0.166335684933337,NA
"se","sv",0.174294813741733,NA
"se","ta",0.126013174303587,NA
"se","te",0.165421352755687,NA
"se","tr",0.204992122648016,NA
"se","tt",0.168484503276466,NA
"se","uk",0.204424328566861,NA
"sk","sq",0.263654831335441,NA
"sk","sv",0.292535284596767,NA
"sk","ta",0.277788320819067,NA
"sk","te",0.265067367808737,NA
"sk","tr",0.30023691859347,NA
"sk","tt",0.232306838059523,NA
"sk","uk",0.359940140294484,NA
"sq","sv",0.24355310287582,NA
"sq","ta",0.216125717556344,NA
"sq","te",0.2156281752805,NA
"sq","tr",0.260178387303333,NA
"sq","tt",0.185911402578342,NA
"sq","uk",0.276669793297976,NA
"sv","ta",0.259741413868123,NA
"sv","te",0.253486845001685,NA
"sv","tr",0.291313342087747,NA
"sv","tt",0.212934931744579,NA
"sv","uk",0.31213762506485,NA
"ta","te",0.25443330944731,NA
"ta","tr",0.2839393836244,NA
"ta","tt",0.187021885344356,NA
"ta","uk",0.290772154561064,NA
"te","tr",0.272581430091112,NA
"te","tt",0.189784125844086,NA
"te","uk",0.289767043415468,NA
"tr","tt",0.248927649256279,NA
"tr","uk",0.331111597137206,NA
"tt","uk",0.249287130241756,NA
