l1,l2,local_alignment
ab,ar,0.09001509328957386
ab,ce,0.06631670715615108
ab,he,0.07566733160080497
ab,lez,0.11591759454682378
ab,zh,0.02225169330445
ar,he,0.23963458638991594
ar,zh,0.1963187493650633
av,ar,0.16927216265377915
av,ce,0.1233058019317499
av,he,0.14358407698291997
av,lbe,0.1461072737845672
av,lez,0.14312425443295512
av,zh,0.08562463004136404
az,ab,0.12376643344248954
az,ar,0.24502890811385977
az,av,0.19212247002664123
az,ba,0.2395761536746814
az,ce,0.15469213750897587
az,cv,0.15703676242897172
az,eu,0.2680376094063465
az,he,0.2186481664025087
az,ja,0.1941081290349576
az,ka,0.26809269210517567
az,kk,0.25676547189353344
az,kn,0.24753730615364258
az,ko,0.2337457771669218
az,lbe,0.11041543132202307
az,lez,0.16398433348000754
az,ml,0.25074737445050854
az,mn,0.20506282538873166
az,sah,0.1723126371319792
az,ta,0.2544575715089404
az,te,0.22931375166071796
az,tt,0.2240152814279545
az,uz,0.26686216613143693
az,xal,0.07046139491350346
az,zh,0.19824674116674487
ba,ab,0.07330162318347745
ba,ar,0.20099571589658843
ba,av,0.15702050041446106
ba,ce,0.14152841773764077
ba,cv,0.1879250881365676
ba,eu,0.22649774848402085
ba,he,0.17701890875378878
ba,ja,0.13254527257922136
ba,ka,0.22150519531791463
ba,kn,0.18991685028528033
ba,ko,0.17358389390893725
ba,lbe,0.09948725527202369
ba,lez,0.1561704442102762
ba,ml,0.20780064737523377
ba,mn,0.18639873921613812
ba,sah,0.15542370493778204
ba,ta,0.19002788736178966
ba,te,0.20332569730966313
ba,tt,0.28838963621098324
ba,xal,0.06466987202347992
ba,zh,0.1383221961447834
be,ab,0.10626146425772913
be,ar,0.2731277828170685
be,av,0.19445235204746786
be,az,0.26933530318891247
be,ba,0.23369155400511082
be,br,0.22967620232140679
be,ca,0.3232232525848992
be,ce,0.15923593343444115
be,cv,0.1982228314430509
be,cy,0.2045714880692208
be,da,0.30195852170181464
be,de,0.3007938988686823
be,en,0.30507231828654213
be,es,0.3337302098438976
be,eu,0.28430653957537494
be,fr,0.3126857639714011
be,ga,0.19448162194043284
be,he,0.23118148913698355
be,is,0.2249785854590371
be,it,0.3288137460706059
be,ja,0.21315862206827102
be,ka,0.30379565572694345
be,kk,0.25792709786568785
be,kn,0.24748049567608987
be,ko,0.2445875349862498
be,la,0.1868877644254142
be,lbe,0.09909177037813645
be,lez,0.1882825927298762
be,lt,0.32907252078710125
be,ml,0.2762876216756443
be,mn,0.21461086114748526
be,nl,0.30959884416857525
be,no,0.28923906711215414
be,pt,0.3047535390885151
be,ro,0.28402495957626983
be,ru,0.4129813696690333
be,sah,0.17036372710614328
be,sv,0.28504732787407266
be,ta,0.2636785428523011
be,te,0.25769861801053173
be,tr,0.2988839507419284
be,tt,0.22507253016881235
be,uz,0.2538909323141778
be,xal,0.06111639493440553
be,zh,0.21268145622024212
bg,ab,0.10679609484533484
bg,ar,0.285634830443622
bg,av,0.17878105312896939
bg,az,0.29157359015079926
bg,ba,0.2259493833934
bg,be,0.31384564228617245
bg,br,0.23012168171513767
bg,ca,0.3357873938383882
bg,ce,0.17184434394763046
bg,cs,0.35358902453003604
bg,cv,0.18896769713818123
bg,cy,0.2151234100192615
bg,da,0.31727704646238597
bg,de,0.32190019633257055
bg,en,0.3170343226628022
bg,es,0.3461060564427872
bg,eu,0.2882575974630977
bg,fr,0.32212054558181336
bg,ga,0.19366848297276548
bg,he,0.24798335223592902
bg,hr,0.31728264420140384
bg,is,0.23401452287272043
bg,it,0.3369198405068097
bg,ja,0.22220121695135833
bg,ka,0.29896076010829925
bg,kk,0.2636110577907724
bg,kn,0.2601274995175522
bg,ko,0.2577028138129581
bg,la,0.2096983508803401
bg,lbe,0.0837491878916214
bg,lez,0.17549461682192555
bg,lt,0.31315837262828405
bg,ml,0.26319793961349125
bg,mn,0.22441021636457315
bg,nl,0.31797418133938954
bg,no,0.3055875840512486
bg,pl,0.35208595036455526
bg,pt,0.3187679112605367
bg,ro,0.2938104253573613
bg,ru,0.3626347535615865
bg,sah,0.1803254813071495
bg,sk,0.3152503149501129
bg,sv,0.2948912480770296
bg,ta,0.27283348672921875
bg,te,0.2790231872972656
bg,tr,0.30966476361501377
bg,tt,0.22965503786011315
bg,uk,0.3617045446681348
bg,uz,0.268198034587419
bg,xal,0.07211828149848039
bg,zh,0.23585987555217
bn,ab,0.03192065961740154
bn,ar,0.24906402737733008
bn,av,0.12555899314467284
bn,az,0.245124618645486
bn,ba,0.19173534972594108
bn,be,0.2695702593974208
bn,bg,0.26862683503087714
bn,br,0.20003930610837642
bn,ca,0.2858916669309301
bn,ce,0.12856344019590038
bn,cs,0.3019006100445568
bn,cv,0.16518867832451745
bn,cy,0.1800853779035556
bn,da,0.2761986732894676
bn,de,0.3022797930660047
bn,el,0.2754557065087482
bn,en,0.2757901738063504
bn,es,0.3079824055661079
bn,eu,0.27376153756164057
bn,fa,0.27933045130290185
bn,fr,0.28842546881291453
bn,ga,0.15633300438377068
bn,he,0.21220538432890296
bn,hi,0.29607816679256876
bn,hr,0.27337500571337087
bn,hy,0.25336745425193097
bn,is,0.19716897359749275
bn,it,0.3040513802457346
bn,ja,0.16825442756118048
bn,ka,0.25663858590706934
bn,kk,0.22941873588488848
bn,kn,0.24501503295725022
bn,ko,0.2131509020105273
bn,ku,0.14350793252371555
bn,la,0.17968864881539873
bn,lbe,0.07813169022623392
bn,lez,0.13321889891506056
bn,lt,0.269254092634894
bn,ml,0.24033647783294865
bn,mn,0.20902012470138323
bn,nl,0.29151492007074437
bn,no,0.26554392187307385
bn,os,0.15624113636908846
bn,pl,0.2973419763163216
bn,ps,0.15713921621288163
bn,pt,0.2813262465659276
bn,ro,0.25707032626107323
bn,ru,0.2918329834429281
bn,sah,0.1280027964558772
bn,sk,0.2636194943282859
bn,sq,0.2288289170598962
bn,sv,0.26229770030576305
bn,ta,0.25336144507978914
bn,te,0.23407354531793284
bn,tr,0.28956381492512473
bn,tt,0.1930319123962438
bn,uk,0.2980188032540548
bn,uz,0.2099745800126358
bn,xal,0.03892429942861157
bn,zh,0.18066257921163362
br,ab,0.08055912646320942
br,ar,0.20390388763165757
br,av,0.13635436276306834
br,az,0.2233595674729046
br,ba,0.18695605486276248
br,ca,0.2538109795117706
br,ce,0.12827297999646473
br,cv,0.137937812992529
br,es,0.2834665361439978
br,eu,0.23237218097505277
br,fr,0.2753398872584934
br,he,0.16872400985903419
br,it,0.2724159265726817
br,ja,0.15563576541277305
br,ka,0.2229136444022519
br,kk,0.20726288680899424
br,kn,0.18105910801347588
br,ko,0.17849051633561716
br,la,0.172061447677027
br,lbe,0.08747447563545738
br,lez,0.14207703548705317
br,ml,0.20230985812050575
br,mn,0.18872441756988723
br,pt,0.25990679195565053
br,ro,0.23783214539303327
br,sah,0.12303526175562268
br,ta,0.20898178150982324
br,te,0.1939576055473529
br,tr,0.24163882762330544
br,tt,0.1743293865102482
br,uz,0.17465042228731031
br,xal,0.06023324283074025
br,zh,0.14974966258792635
ca,ab,0.08232533764589037
ca,ar,0.2870850801691328
ca,av,0.18462962670448738
ca,az,0.28947481912305045
ca,ba,0.23800192033830136
ca,ce,0.1772039511155649
ca,cv,0.18240600921839986
ca,es,0.43613260190274145
ca,eu,0.3132515169879376
ca,he,0.25915858305533773
ca,it,0.3924716891328105
ca,ja,0.24726459888891644
ca,ka,0.3046766171481368
ca,kk,0.2789583563582593
ca,kn,0.26709332704911415
ca,ko,0.2611591282859336
ca,lbe,0.09878385391717738
ca,lez,0.18641946048935681
ca,ml,0.27846941730495034
ca,mn,0.22963605393979
ca,pt,0.36765923985432414
ca,ro,0.30663512502425544
ca,sah,0.1895824391423394
ca,ta,0.2821562420752014
ca,te,0.2776845155805349
ca,tr,0.314052936337577
ca,tt,0.23347150864979463
ca,uz,0.2643953460426662
ca,xal,0.08382509678727501
ca,zh,0.24639392397488544
ce,ar,0.151687735044947
ce,he,0.12556988890588483
ce,zh,0.0691279194577377
cs,ab,0.12580711889862436
cs,ar,0.2978856799907147
cs,av,0.20179670132096142
cs,az,0.3114716440199718
cs,ba,0.24670070878477054
cs,be,0.3555078523461597
cs,br,0.2517055797075746
cs,ca,0.35424892172316147
cs,ce,0.189417574736513
cs,cv,0.1899947646255773
cs,cy,0.2296723235187232
cs,da,0.3506704902234593
cs,de,0.3637332432965294
cs,en,0.34574393695577543
cs,es,0.3757638725237853
cs,eu,0.31299382187924535
cs,fr,0.35616196564117514
cs,ga,0.21463945277420804
cs,he,0.2680970114459715
cs,is,0.24972806158299538
cs,it,0.3715708531864149
cs,ja,0.24723990720990294
cs,ka,0.32562836035418896
cs,kk,0.2808505154479386
cs,kn,0.28446827412713244
cs,ko,0.2794704456273008
cs,la,0.2222725262162281
cs,lbe,0.10090954948560489
cs,lez,0.20174250043502961
cs,lt,0.3476517909389614
cs,ml,0.2991633474511805
cs,mn,0.24096008242885322
cs,nl,0.34998329517763355
cs,no,0.3435703247244399
cs,pl,0.4069757655338106
cs,pt,0.3463103405179344
cs,ro,0.3132286563799296
cs,ru,0.40820987663777286
cs,sah,0.1988902976903454
cs,sv,0.3285793114494521
cs,ta,0.29891983461149674
cs,te,0.2887990964632639
cs,tr,0.33592125092701886
cs,tt,0.2481225388012612
cs,uk,0.4023322999577397
cs,uz,0.29482629511475195
cs,xal,0.08742928187917846
cs,zh,0.25000280483991594
cv,ar,0.1612352732381171
cv,av,0.09348747037909978
cv,ce,0.11763999221590908
cv,eu,0.21457182493254612
cv,he,0.15047828174460987
cv,ja,0.10319120656161429
cv,ka,0.18198219687947656
cv,kn,0.1216548941091254
cv,ko,0.10969851959453136
cv,lez,0.11114181195768748
cv,ml,0.1526513892931972
cv,mn,0.14330780532961673
cv,sah,0.12850762887563275
cv,ta,0.13876188900341674
cv,te,0.1489854991876507
cv,xal,0.027658598186856467
cv,zh,0.08726240698968588
cy,ab,0.10709535045793515
cy,ar,0.1867768218330547
cy,av,0.13552100322436617
cy,az,0.20579975049674223
cy,ba,0.15591139599811182
cy,br,0.18123768607709392
cy,ca,0.23620683594023253
cy,ce,0.12224386031578167
cy,cv,0.12007829203669071
cy,es,0.24660043435445791
cy,eu,0.22217629877517345
cy,fr,0.23598054696338658
cy,he,0.16605548903069323
cy,it,0.24402956806698672
cy,ja,0.15509206967245404
cy,ka,0.21193638829344466
cy,kk,0.19372622430960457
cy,kn,0.17439151181722018
cy,ko,0.1642537149672494
cy,la,0.1433805238333819
cy,lbe,0.07719770594432479
cy,lez,0.13132469506797087
cy,ml,0.19163056006648493
cy,mn,0.17246953881259458
cy,pt,0.2381508229757506
cy,ro,0.20915407924817755
cy,sah,0.13622502986540375
cy,ta,0.19024818357469886
cy,te,0.18218996521928685
cy,tr,0.22009294486735786
cy,tt,0.1516439976285335
cy,uz,0.18117999590245887
cy,xal,0.0666321528399254
cy,zh,0.1461951942852248
da,ab,0.0883058055262825
da,ar,0.27339742305425374
da,av,0.1684372404188882
da,az,0.271788391559899
da,ba,0.22383100315952414
da,br,0.2346216233013807
da,ca,0.3351081130832909
da,ce,0.1565482628828417
da,cv,0.17101089163151686
da,cy,0.21073045681263108
da,de,0.36965804052477175
da,en,0.33971702057780917
da,es,0.35303665604816215
da,eu,0.29540009996666294
da,fr,0.33125672306713366
da,ga,0.18560041672017172
da,he,0.23932919246669965
da,it,0.34732488827533203
da,ja,0.2290206153382398
da,ka,0.29464969707733146
da,kk,0.25369092258549597
da,kn,0.2591859539571725
da,ko,0.2527155319112767
da,la,0.19267805527423623
da,lbe,0.09431707709915764
da,lez,0.18661782918558759
da,ml,0.2661028142778886
da,mn,0.2140486084044012
da,nl,0.3553682094511265
da,pt,0.325301429363618
da,ro,0.2905844426254758
da,sah,0.16750848019086123
da,ta,0.2787925061178059
da,te,0.2642504122931822
da,tr,0.30308720858546284
da,tt,0.21582785358577716
da,uz,0.25175725648974584
da,xal,0.06723191975231119
da,zh,0.23723727400682626
de,ab,0.15711407880679779
de,ar,0.26302280738810097
de,av,0.19452398590418177
de,az,0.2949571844142541
de,ba,0.22384706845147362
de,br,0.25773074149486724
de,ca,0.3388324171524097
de,ce,0.17686067136312555
de,cv,0.13648519231905915
de,cy,0.21335824863574915
de,en,0.35542245088194335
de,es,0.3510776689649494
de,eu,0.2804067824162958
de,fr,0.33658190035392244
de,ga,0.20262527186224205
de,he,0.242689776002712
de,it,0.35104620018102806
de,ja,0.23988322755981786
de,ka,0.2948755170375273
de,kk,0.2573208518615357
de,kn,0.26505296902376335
de,ko,0.24670377615936423
de,la,0.20451557634602732
de,lbe,0.12376925809879946
de,lez,0.20108709310180106
de,ml,0.26686446867983965
de,mn,0.20639231723228646
de,nl,0.3908959599437903
de,pt,0.33512927352421384
de,ro,0.30644693588599625
de,sah,0.17799654705637538
de,ta,0.2739729733608505
de,te,0.24841686655552628
de,tr,0.31708006001036626
de,tt,0.2409377095864681
de,uz,0.2739733816184617
de,xal,0.11654572149382196
de,zh,0.23698955584168924
el,ab,0.14917594356953354
el,ar,0.2753953022337405
el,av,0.19360771131903073
el,az,0.282957506584485
el,ba,0.20898591307135758
el,be,0.2944143968768292
el,bg,0.32645701396673404
el,br,0.23866122048083685
el,ca,0.32363813102388883
el,ce,0.15018674528026485
el,cs,0.3454818186891318
el,cv,0.15070550454270543
el,cy,0.21258331552519655
el,da,0.3015026818307162
el,de,0.3259365673693222
el,en,0.3245857077621727
el,es,0.34792791136989093
el,eu,0.2768041157846974
el,fr,0.3249705910794012
el,ga,0.19763539095855204
el,he,0.24200558071963812
el,hr,0.3034539836365774
el,is,0.22021243480650773
el,it,0.33070979920831645
el,ja,0.22093141472068417
el,ka,0.28041792208015537
el,kk,0.252418054937138
el,kn,0.2564954849421169
el,ko,0.254099437281199
el,la,0.19918149496385396
el,lbe,0.0927204905562228
el,lez,0.1713693228665413
el,lt,0.30926152442336874
el,ml,0.26390183108548154
el,mn,0.21683787888391404
el,nl,0.31206855836357217
el,no,0.30110354889918917
el,pl,0.3380665418146371
el,pt,0.3260265398469083
el,ro,0.2865984881669005
el,ru,0.3400062827706786
el,sah,0.17003056305640765
el,sk,0.29739118122228964
el,sq,0.26526809567533516
el,sv,0.2897172868573395
el,ta,0.2824543042119299
el,te,0.26390948977139994
el,tr,0.3018185790710298
el,tt,0.2083678414665047
el,uk,0.33517594112470606
el,uz,0.2504427646960268
el,xal,0.07375706940461851
el,zh,0.21849037283091507
en,ab,0.07665395530834342
en,ar,0.27778732846209275
en,av,0.160954318063018
en,az,0.28324455060090303
en,ba,0.21549349159717154
en,br,0.23997395697522494
en,ca,0.34558100607087866
en,ce,0.14764331444287154
en,cv,0.1362380012355564
en,cy,0.22649424883807862
en,es,0.38019712239010967
en,eu,0.2947910631537961
en,fr,0.3533573391631779
en,ga,0.1992377658777472
en,he,0.24678337172707235
en,it,0.3582204553182102
en,ja,0.22609754831489387
en,ka,0.2913195837864728
en,kk,0.2647968286542601
en,kn,0.27838990881938463
en,ko,0.24667395461280775
en,la,0.19304447546337963
en,lbe,0.07837381769684258
en,lez,0.15986440102354524
en,ml,0.27142405045892626
en,mn,0.2247685478065384
en,pt,0.3566099782340507
en,ro,0.2987506690133201
en,sah,0.17200081632749428
en,ta,0.2937628644099902
en,te,0.26606380785682676
en,tr,0.32467859427960355
en,tt,0.21578991311662538
en,uz,0.25041217409969685
en,xal,0.07927172415302261
en,zh,0.2314601911884392
es,ab,0.09538840461285578
es,ar,0.30382558012466115
es,av,0.20138387645520542
es,az,0.31473449889697985
es,ba,0.2539530356902985
es,ce,0.18729217404026582
es,cv,0.21150072452018662
es,eu,0.3242997583306263
es,he,0.2737295169951755
es,it,0.40424401390148995
es,ja,0.2773797183977421
es,ka,0.3136536715514513
es,kk,0.29421595915274235
es,kn,0.29606971158606543
es,ko,0.2804560846976405
es,lbe,0.10681926664758891
es,lez,0.20418403182229822
es,ml,0.29936550923126065
es,mn,0.2408883859390881
es,pt,0.40534836567707716
es,ro,0.32975271013346313
es,sah,0.21266355854818672
es,ta,0.31751550844181936
es,te,0.3086738190867251
es,tr,0.34160781721909006
es,tt,0.2588167394385388
es,uz,0.29314702607999754
es,xal,0.08413409062125897
es,zh,0.27306509760894726
et,ab,0.11810375428170981
et,ar,0.2580690641513425
et,av,0.19259041822262937
et,az,0.26800713715121316
et,ba,0.23510373092305875
et,be,0.29846666219709983
et,bg,0.3061399607619111
et,bn,0.26466200162858583
et,br,0.22636066850233127
et,ca,0.3102861179104941
et,ce,0.15392414337807103
et,cs,0.3372112747756793
et,cv,0.17343129086519762
et,cy,0.20820883681880106
et,da,0.30060040214013645
et,de,0.3151493475885916
et,el,0.2803229079402084
et,en,0.29455931028407806
et,es,0.3287353581963798
et,eu,0.2803970690514099
et,fa,0.3172508311983751
et,fr,0.3114470139045775
et,ga,0.19483239610789296
et,he,0.22931093088675011
et,hi,0.29175996174392793
et,hr,0.29280550118722193
et,hu,0.3208386792713191
et,hy,0.2725321061123452
et,is,0.22179244301990136
et,it,0.31832040500395753
et,ja,0.21487892550655302
et,ka,0.280517455075452
et,kk,0.25484910460696175
et,kn,0.25569018195863275
et,ko,0.2292191852943985
et,ku,0.18701120051575676
et,kv,0.22117416833046932
et,la,0.18453748517486718
et,lbe,0.08168458938183795
et,lez,0.1897839335485803
et,lt,0.309495812992428
et,lv,0.32626609719024435
et,mdf,0.11888692277668587
et,mhr,0.18540045792272208
et,ml,0.25134638488968936
et,mn,0.2138444352160175
et,mrj,0.18184888175241934
et,myv,0.15304730613233056
et,nl,0.30553682712991165
et,no,0.2880213324923826
et,os,0.2033887040705355
et,pl,0.323228068068927
et,ps,0.19297824097718427
et,pt,0.3022584077576208
et,ro,0.2759718743432576
et,ru,0.3261797871299893
et,sah,0.18489560566575944
et,sk,0.3014328504009579
et,sq,0.24208857542693324
et,sv,0.2801682589991424
et,ta,0.2689112951995221
et,te,0.2598704999757605
et,tr,0.29381886017327363
et,tt,0.22298037961932107
et,udm,0.1943184876961689
et,uk,0.32799865704849035
et,uz,0.24686699154786956
et,xal,0.08213138162356619
et,zh,0.2114093213569124
eu,ab,0.10532896066180783
eu,ar,0.2573567319278377
eu,av,0.16707448739685576
eu,ce,0.18340237180783164
eu,he,0.2251473947758925
eu,lbe,0.10214517713930696
eu,lez,0.18247869626306282
eu,zh,0.21545835972833333
fa,ab,0.09109516260410797
fa,ar,0.3105419819723666
fa,av,0.1837083469739659
fa,az,0.31839173989935793
fa,ba,0.25176533487030156
fa,be,0.32235669493907537
fa,bg,0.33347522726521955
fa,br,0.26182328851304076
fa,ca,0.3474327653782758
fa,ce,0.19692943870733634
fa,cs,0.3523976388037078
fa,cv,0.19613477764736403
fa,cy,0.2312447707545471
fa,da,0.33032089831445355
fa,de,0.3606285952147081
fa,el,0.3273091343182199
fa,en,0.36120712185736265
fa,es,0.3680755769764337
fa,eu,0.30336678207908485
fa,fr,0.35166490390932065
fa,ga,0.21593136174301755
fa,he,0.27119185286944175
fa,hr,0.31048977153914387
fa,hy,0.32126236549552223
fa,is,0.24329345803775398
fa,it,0.3485610603861026
fa,ja,0.241430239428358
fa,ka,0.3081272812195457
fa,kk,0.2889723421149882
fa,kn,0.28430181980730235
fa,ko,0.27492856027840945
fa,ku,0.23235894546391914
fa,la,0.22609812602298282
fa,lbe,0.11106540691861137
fa,lez,0.1909609593444587
fa,lt,0.3237480503488953
fa,ml,0.301826684383648
fa,mn,0.24611099814774892
fa,nl,0.33680480283546677
fa,no,0.32599881615228793
fa,os,0.19720895258620777
fa,pl,0.343124282285117
fa,pt,0.3377851635766797
fa,ro,0.30367425028531864
fa,ru,0.3578458234078283
fa,sah,0.19947753596169968
fa,sk,0.31769162616248303
fa,sq,0.27585594748737696
fa,sv,0.3121162535442057
fa,ta,0.2933265095088722
fa,te,0.28189261649907904
fa,tr,0.3439215524007695
fa,tt,0.24895687188284862
fa,uk,0.3553601390869108
fa,uz,0.2726844507054265
fa,xal,0.08407261630760286
fa,zh,0.257056063131747
fi,ab,0.1214615549376623
fi,ar,0.27673983413562075
fi,av,0.19193208383136706
fi,az,0.28696950978347013
fi,ba,0.23605864009812016
fi,be,0.3139727185811722
fi,bg,0.3208311304892002
fi,bn,0.2858263479585252
fi,br,0.2449653656619942
fi,ca,0.32566467226676893
fi,ce,0.18133452135095826
fi,cs,0.3581882027254892
fi,cv,0.1949786649950618
fi,cy,0.21992285066125736
fi,da,0.3229183808494483
fi,de,0.3351100800331301
fi,el,0.31344227845485095
fi,en,0.32962487993398215
fi,es,0.35628894761995133
fi,et,0.328697630157239
fi,eu,0.296174903098309
fi,fa,0.33633197847014534
fi,fr,0.32675822056479464
fi,ga,0.2018545254108926
fi,he,0.2526043018088434
fi,hi,0.30148027122083637
fi,hr,0.3100597527083395
fi,hu,0.3399841048266453
fi,hy,0.28737851784646384
fi,is,0.2334855123729662
fi,it,0.33891666193747333
fi,ja,0.22950297632048747
fi,ka,0.3041014182701117
fi,kk,0.2654429799752873
fi,kn,0.26864835071946724
fi,ko,0.2577627402771206
fi,ku,0.21048964508742826
fi,kv,0.19891611352481653
fi,la,0.20663319371856922
fi,lbe,0.09168657170582717
fi,lez,0.19615030453947685
fi,lt,0.3227075464000766
fi,lv,0.3289352277662435
fi,mdf,0.11956436223757434
fi,mhr,0.21436029117330493
fi,ml,0.2757664600508681
fi,mn,0.22529864193564503
fi,mrj,0.18585972675579884
fi,myv,0.16119254528967736
fi,nl,0.33116181037996645
fi,no,0.32344684038714533
fi,os,0.2104022260732328
fi,pl,0.3426221920458196
fi,ps,0.210014764374679
fi,pt,0.32055325914343435
fi,ro,0.28846077907046896
fi,ru,0.35056513116977095
fi,sah,0.1879546219292475
fi,sk,0.31458793628697745
fi,sq,0.2594424132006029
fi,sv,0.30553739680639014
fi,ta,0.29145383140125997
fi,te,0.2833917873543601
fi,tr,0.3100967606349478
fi,tt,0.2377408956842883
fi,udm,0.18796457576061476
fi,uk,0.3499089605772553
fi,uz,0.2633387402075388
fi,vep,0.238667909982963
fi,xal,0.08647518238837458
fi,zh,0.23105812342585413
fr,ab,0.13698910417544374
fr,ar,0.2915956089107746
fr,av,0.18906826308293626
fr,az,0.29631798303396767
fr,ba,0.24254244792962176
fr,ca,0.3796377753521781
fr,ce,0.18527239715344895
fr,cv,0.20245803594623868
fr,es,0.39364415603491515
fr,eu,0.30071618524758187
fr,he,0.261756787109127
fr,it,0.39045307860304573
fr,ja,0.2511246786779809
fr,ka,0.30144610243673176
fr,kk,0.2720476521099331
fr,kn,0.28166155534511406
fr,ko,0.2664824842723844
fr,lbe,0.12439616149487312
fr,lez,0.19605356182338815
fr,ml,0.2812117161354755
fr,mn,0.23174600788312938
fr,pt,0.36727218954385027
fr,ro,0.31141650352683725
fr,sah,0.21003137165297497
fr,ta,0.2903541707329351
fr,te,0.2931548105328413
fr,tr,0.31548608267048844
fr,tt,0.24294269088779555
fr,uz,0.2810097657350036
fr,xal,0.10022671227941668
fr,zh,0.25130057309205955
ga,ab,0.07745573798781011
ga,ar,0.18092142411728515
ga,av,0.10018636671071168
ga,az,0.19281379931922885
ga,ba,0.1426181797661856
ga,br,0.16124888752488134
ga,ca,0.2079412512748245
ga,ce,0.10127788845010327
ga,cv,0.11863351710106067
ga,cy,0.16233980512121007
ga,es,0.22393072064310485
ga,eu,0.2019793957103969
ga,fr,0.21238232597055343
ga,he,0.14751320998645556
ga,it,0.22001218290455235
ga,ja,0.1189453148825794
ga,ka,0.1796998619962393
ga,kk,0.17076380519310974
ga,kn,0.16003391419369456
ga,ko,0.1516959281478353
ga,la,0.14634445063935658
ga,lbe,0.043827783401017936
ga,lez,0.12163615532949945
ga,ml,0.17039495013986547
ga,mn,0.1615190674982466
ga,pt,0.2105389624204089
ga,ro,0.1860261052877977
ga,sah,0.11855763733480976
ga,ta,0.16034506220481712
ga,te,0.15798167849512973
ga,tr,0.20646764688329713
ga,tt,0.143278237432403
ga,uz,0.17475470062265902
ga,xal,0.04986789225961439
ga,zh,0.12991526823040525
he,zh,0.1655590978701318
hi,ab,0.13478760105772225
hi,ar,0.2740396003405956
hi,av,0.21398078280437038
hi,az,0.2868931721665864
hi,ba,0.24528439060045115
hi,be,0.2889620868423677
hi,bg,0.2980186411144604
hi,br,0.2529115695852242
hi,ca,0.3051392746552872
hi,ce,0.19152486234895194
hi,cs,0.3180934324420539
hi,cv,0.22042824997371765
hi,cy,0.22543197784153843
hi,da,0.2982802559210788
hi,de,0.3124751827577602
hi,el,0.2908125965953997
hi,en,0.30214108767023057
hi,es,0.3177685234325922
hi,eu,0.28605598951928385
hi,fa,0.3202531281934027
hi,fr,0.3022385678303725
hi,ga,0.2121110492745635
hi,he,0.24693246749345296
hi,hr,0.2845720861972296
hi,hy,0.2882358581605909
hi,is,0.24189884240155846
hi,it,0.3098839533243223
hi,ja,0.22673944839984342
hi,ka,0.29025898440098663
hi,kk,0.26334663841343037
hi,kn,0.27508339893368317
hi,ko,0.2659014792271543
hi,ku,0.2390134771578634
hi,la,0.22002308204326992
hi,lbe,0.11560507094739617
hi,lez,0.20827852678977596
hi,lt,0.2952776501779411
hi,ml,0.28493141943934225
hi,mn,0.23770301407063388
hi,nl,0.3033503908273301
hi,no,0.29073068978577615
hi,os,0.23824779798459078
hi,pl,0.3074414210908756
hi,ps,0.22586461972522578
hi,pt,0.29390019882367563
hi,ro,0.27009143540748776
hi,ru,0.3168073980825979
hi,sah,0.20365674202402606
hi,sk,0.2843940799018377
hi,sl,0.22346774862074884
hi,sq,0.2605616875706415
hi,sv,0.2850425943140994
hi,ta,0.2840340309092669
hi,te,0.2813470359323807
hi,tr,0.3010860220177833
hi,tt,0.24684719730521276
hi,uk,0.31462781209898416
hi,uz,0.2855373931308998
hi,xal,0.10364236013579484
hi,zh,0.23127716495107076
hr,ab,0.14072854382139907
hr,ar,0.2689120061079644
hr,av,0.20257778980249402
hr,az,0.26924902047675064
hr,ba,0.23335728226649163
hr,be,0.309641646698149
hr,br,0.23168405267212086
hr,ca,0.31009196273093276
hr,ce,0.17762352030009368
hr,cs,0.34152114861831107
hr,cv,0.1901416116721904
hr,cy,0.21340948561956413
hr,da,0.293001722523102
hr,de,0.32661620616435744
hr,en,0.28936471216405035
hr,es,0.321217878219235
hr,eu,0.2829542653355024
hr,fr,0.3080372903226551
hr,ga,0.2018008430929177
hr,he,0.23886887904062112
hr,is,0.2285199346659272
hr,it,0.32124906690678684
hr,ja,0.21604849684790087
hr,ka,0.2866228764457435
hr,kk,0.25906577953783294
hr,kn,0.25777491270928565
hr,ko,0.23993932916888033
hr,la,0.2044203117673483
hr,lbe,0.12194852306424271
hr,lez,0.19589585708460877
hr,lt,0.3023662326060171
hr,ml,0.2627573673847504
hr,mn,0.22514142353868838
hr,nl,0.30161795484017534
hr,no,0.29116269907997594
hr,pl,0.33202528997450137
hr,pt,0.30012798021796727
hr,ro,0.27499838589670184
hr,ru,0.34788318472012597
hr,sah,0.18401973186233256
hr,sk,0.31187326423791556
hr,sv,0.27499123604263775
hr,ta,0.27159397895516757
hr,te,0.2686380078984692
hr,tr,0.2922598334298812
hr,tt,0.2304522569069552
hr,uk,0.347275719522571
hr,uz,0.2668828804469381
hr,xal,0.0844182684268049
hr,zh,0.22632061068229545
hu,ab,0.10745134424358652
hu,ar,0.2897211800938228
hu,av,0.18146439383099278
hu,az,0.2942589936005369
hu,ba,0.24159712090722416
hu,be,0.31768460212302196
hu,bg,0.3289455065598633
hu,bn,0.29352223671369343
hu,br,0.26406809072263
hu,ca,0.332449611060516
hu,ce,0.1827828483456343
hu,cs,0.361139802123547
hu,cv,0.21818619238191855
hu,cy,0.23488641581518224
hu,da,0.3288612643631921
hu,de,0.34971755234079854
hu,el,0.3254080827895435
hu,en,0.3323779051116455
hu,es,0.360107795145379
hu,eu,0.3048411421531285
hu,fa,0.33583483261313435
hu,fr,0.34090206569936415
hu,ga,0.22189207663536784
hu,he,0.268755389573683
hu,hi,0.3058546816920777
hu,hr,0.3130133345542324
hu,hy,0.30303838750003176
hu,is,0.24097474961640825
hu,it,0.34868767916616067
hu,ja,0.2390375536279821
hu,ka,0.3072568302339286
hu,kk,0.2773597814598095
hu,kn,0.2842126639072855
hu,ko,0.25792325535439836
hu,ku,0.21676441465017654
hu,la,0.2160532420923408
hu,lbe,0.11138248911739405
hu,lez,0.20542279540806074
hu,lt,0.3235455594721615
hu,ml,0.27726886724922944
hu,mn,0.23269325077922345
hu,nl,0.33664863814483553
hu,no,0.3272776321316376
hu,os,0.20086138007218815
hu,pl,0.3527407815571735
hu,ps,0.21334698617421266
hu,pt,0.33489633317138284
hu,ro,0.3081312762862013
hu,ru,0.35223150956479904
hu,sah,0.19926932498365238
hu,sk,0.32575846150982884
hu,sq,0.2763194668382163
hu,sv,0.3131283441909364
hu,ta,0.2942670981752737
hu,te,0.27690512969213105
hu,tr,0.3238524313843376
hu,tt,0.24796285349724503
hu,uk,0.3494809973242065
hu,uz,0.2888141937097633
hu,xal,0.10129450317602585
hu,zh,0.2419981927485024
hy,ab,0.12826808410836033
hy,ar,0.25671717741931177
hy,av,0.1979285616674073
hy,az,0.275629490220635
hy,ba,0.2255163508255015
hy,be,0.29923723657397966
hy,bg,0.2899256887185721
hy,br,0.2235486987148913
hy,ca,0.30326646987422756
hy,ce,0.16069428700239366
hy,cs,0.3149182232209402
hy,cv,0.18538814822713248
hy,cy,0.2054579091991044
hy,da,0.28223725655558723
hy,de,0.298551140156535
hy,el,0.27759300389870073
hy,en,0.28873195081867237
hy,es,0.3151613447014397
hy,eu,0.2720261363522565
hy,fr,0.30133598545611845
hy,ga,0.17969423786027788
hy,he,0.22014902894603897
hy,hr,0.2820053142318448
hy,is,0.2191461166376579
hy,it,0.3161950212345922
hy,ja,0.19995598417660732
hy,ka,0.27853109753670174
hy,kk,0.2516439001332668
hy,kn,0.24289023841018442
hy,ko,0.2372843161632571
hy,la,0.1845276670416604
hy,lbe,0.10336075239929841
hy,lez,0.1690217387922824
hy,lt,0.29976204339155504
hy,ml,0.2630210494364941
hy,mn,0.2058192215418406
hy,nl,0.29185372413359617
hy,no,0.27672509735153195
hy,pl,0.31375193984513294
hy,pt,0.2938572915793735
hy,ro,0.273096578540479
hy,ru,0.3134809045692194
hy,sah,0.1707230051882251
hy,sk,0.2897561953582108
hy,sq,0.24475877625473824
hy,sv,0.2722303607431695
hy,ta,0.23828485945076314
hy,te,0.2539372804001469
hy,tr,0.293280547858583
hy,tt,0.221447278132969
hy,uk,0.3157885861906207
hy,uz,0.24797426533178646
hy,xal,0.06840652577799203
hy,zh,0.2034897154485103
is,ab,0.10492762233349426
is,ar,0.19780837199475512
is,av,0.1604321186986329
is,az,0.20563717086791472
is,ba,0.17876566816830752
is,br,0.1742589653618539
is,ca,0.23417750370779952
is,ce,0.12467815618552454
is,cv,0.17671080722389979
is,cy,0.1611432738147493
is,da,0.2394555387673191
is,de,0.24105910876369965
is,en,0.21982723766171555
is,es,0.2573826693325843
is,eu,0.21512666745775597
is,fr,0.2405071836490528
is,ga,0.1424764201802414
is,he,0.170762709304444
is,it,0.2498658244878176
is,ja,0.15605576443396885
is,ka,0.21717509821107991
is,kk,0.18869185377385425
is,kn,0.18735941729448324
is,ko,0.1811350178152125
is,la,0.15338530451599736
is,lbe,0.08377926752205292
is,lez,0.15949913674595365
is,ml,0.21269159857033093
is,mn,0.16550426571517343
is,nl,0.24430507260307355
is,no,0.234622073217071
is,pt,0.23136100992131428
is,ro,0.22105200682259052
is,sah,0.12356282474623084
is,sv,0.22653763536902188
is,ta,0.19767887298031625
is,te,0.20604582912964226
is,tr,0.22764729684502732
is,tt,0.16893484475127207
is,uz,0.17379233828672525
is,xal,0.04985327449405017
is,zh,0.15292162563531156
it,ab,0.101518878395227
it,ar,0.30106783530453396
it,av,0.20254415186514968
it,az,0.2961000671207212
it,ba,0.2517260468285709
it,ce,0.1870580509182772
it,cv,0.19085367431386152
it,eu,0.3103352328173609
it,he,0.26448453507739444
it,ja,0.25998302491477493
it,ka,0.3117702463898806
it,kk,0.28309364773615764
it,kn,0.28531026157164313
it,ko,0.277051508989919
it,lbe,0.10775561021654861
it,lez,0.1951319948816991
it,ml,0.29264907857130446
it,mn,0.23456616094405833
it,ro,0.3156085883347625
it,sah,0.2033260699771743
it,ta,0.29927899953670334
it,te,0.2981322454173392
it,tr,0.32925237102249
it,tt,0.2458741860126756
it,uz,0.2733083104916215
it,xal,0.094636529798588
it,zh,0.2681027038253042
ja,ab,0.019304135629248244
ja,ar,0.18635267782941853
ja,av,0.10230914074354303
ja,ce,0.09372401710580006
ja,eu,0.20246560547630763
ja,he,0.17296954309055326
ja,ka,0.19351981209698876
ja,kn,0.14687469504564765
ja,lbe,0.015331234458971558
ja,lez,0.10299025038165635
ja,ml,0.1796698594866162
ja,ta,0.18135994757419968
ja,te,0.16095150037192968
ja,zh,0.18894495400197148
ka,ab,0.09272465170993247
ka,ar,0.25371476649890246
ka,av,0.19323810413454773
ka,ce,0.1566189882076928
ka,eu,0.2733458059328272
ka,he,0.2298250719318362
ka,lbe,0.10535702176172064
ka,lez,0.17959729038399205
ka,zh,0.2067010576819569
kk,ab,0.10411868461171953
kk,ar,0.24509148724597743
kk,av,0.17535470007053497
kk,ba,0.2365173166087703
kk,ce,0.16810609798438264
kk,cv,0.16787616560600177
kk,eu,0.2504365907276731
kk,he,0.21298689852887592
kk,ja,0.18798478146698133
kk,ka,0.24825678871260695
kk,kn,0.22860877508085423
kk,ko,0.21924158228751192
kk,lbe,0.1018690764136421
kk,lez,0.17395396892981171
kk,ml,0.229757098422577
kk,mn,0.20599684217846423
kk,sah,0.17315939656312493
kk,ta,0.23387931753485913
kk,te,0.23847989552756535
kk,tt,0.23631357188194776
kk,xal,0.0785022642644731
kk,zh,0.1933559097422427
kn,ab,-0.00709589170353952
kn,ar,0.2215589078051077
kn,av,0.10520483646793637
kn,ce,0.11360688458322553
kn,eu,0.2570538495338091
kn,he,0.1972167467360089
kn,ka,0.24117728193176421
kn,lbe,0.02911320211833696
kn,lez,0.12057805417012656
kn,ml,0.24735237600996934
kn,ta,0.26643095434784403
kn,te,0.25716604398202486
kn,zh,0.15884421137066063
ko,ab,0.047304075015703696
ko,ar,0.2236061548603982
ko,av,0.14270299991999996
ko,ce,0.12535420521277713
ko,eu,0.24852817498615268
ko,he,0.18766118865582615
ko,ja,0.1832523283550533
ko,ka,0.23600877385014404
ko,kn,0.19428381372507736
ko,lbe,0.05840751618960015
ko,lez,0.13277979943058832
ko,ml,0.23605417869389547
ko,ta,0.20373314523404237
ko,te,0.21362486272114764
ko,zh,0.16723081146244154
ku,ab,0.08707815971239236
ku,ar,0.18591524604695492
ku,av,0.14195205569523903
ku,az,0.20112890186990606
ku,ba,0.17226447772832415
ku,be,0.19317465834910943
ku,bg,0.20550607155899098
ku,br,0.15281007272694344
ku,ca,0.20646086669342248
ku,ce,0.11956713631064002
ku,cs,0.2151866806380393
ku,cv,0.12280354421417188
ku,cy,0.14418617090068656
ku,da,0.1840279519611084
ku,de,0.19935005486131782
ku,el,0.20096315946600182
ku,en,0.18201217808347683
ku,es,0.22482823511761676
ku,eu,0.1968983546052825
ku,fr,0.2166857015966149
ku,ga,0.12545793592371815
ku,he,0.13935479691703093
ku,hr,0.20407962671383567
ku,hy,0.20123490632299762
ku,is,0.161986284940334
ku,it,0.22113416169616623
ku,ja,0.12022395947234527
ku,ka,0.19352955211192452
ku,kk,0.1915789123035099
ku,kn,0.14547464886056788
ku,ko,0.14436503208156184
ku,la,0.14376994114549796
ku,lbe,0.08935734025606612
ku,lez,0.13484791636770063
ku,lt,0.21174186992526062
ku,ml,0.19015555272179951
ku,mn,0.15980709835696963
ku,nl,0.20300224275398743
ku,no,0.18531673739863572
ku,os,0.1479421215723194
ku,pl,0.20931523195333848
ku,pt,0.2102772290374689
ku,ro,0.20029580637436062
ku,ru,0.19824648512457518
ku,sah,0.10745796039754622
ku,sk,0.19352334318125983
ku,sq,0.17410561590406087
ku,sv,0.17946163767269172
ku,ta,0.1585981459438608
ku,te,0.15347417710962982
ku,tr,0.21936737779233456
ku,tt,0.15332787250790111
ku,uk,0.20407538471073422
ku,uz,0.15570845525705293
ku,xal,0.015494843632378512
ku,zh,0.11036429182535647
kv,ar,0.15254499673686708
kv,av,0.12542414056620255
kv,az,0.19951641604279866
kv,ba,0.14565972314358666
kv,be,0.205583953871796
kv,bg,0.17758808185762906
kv,bn,0.10681980976168387
kv,br,0.1389747654375523
kv,ca,0.1796167857829578
kv,ce,0.1029248366778843
kv,cs,0.20291702245115056
kv,cv,0.0904283075854901
kv,cy,0.12775346563816165
kv,da,0.15844464712917364
kv,de,0.23381873946960594
kv,el,0.20198296915005526
kv,en,0.15036040295861977
kv,es,0.20472580649461988
kv,eu,0.1701169166479233
kv,fa,0.1781501528931253
kv,fr,0.20345768215251642
kv,ga,0.10491977001788241
kv,he,0.12603551700458318
kv,hi,0.20602099806175816
kv,hr,0.1961591782170238
kv,hu,0.17092151508091674
kv,hy,0.18921080833607729
kv,is,0.13417262031545468
kv,it,0.20937052845429432
kv,ja,0.07006309056417304
kv,ka,0.17789860641825944
kv,kk,0.17028410529694643
kv,kn,0.10727827042945016
kv,ko,0.13389993702960576
kv,ku,0.13634457155740037
kv,la,0.1916865862198905
kv,lez,0.0935521015229589
kv,lt,0.21215527643311793
kv,lv,0.15907326115522405
kv,ml,0.1740598999685173
kv,mn,0.1550383474786982
kv,nl,0.1764405186905022
kv,no,0.15803553289554165
kv,os,0.15024200441940155
kv,pl,0.21090612179738147
kv,ps,0.10280334954385621
kv,pt,0.19708886411487697
kv,ro,0.16728103038185513
kv,ru,0.193170524405073
kv,sah,0.0861038253001846
kv,sk,0.2091980797070603
kv,sq,0.14878745173020005
kv,sv,0.1634090560486224
kv,ta,0.10348381571207459
kv,te,0.11312491045292691
kv,tr,0.21331740277811836
kv,tt,0.1294479880724058
kv,uk,0.20521301531869449
kv,uz,0.08839849211213233
kv,xal,0.0061502397975057976
kv,zh,0.05309648211937555
la,ab,0.15121260728056285
la,ar,0.1799175032947255
la,av,0.1656572354375509
la,az,0.17968820078016842
la,ba,0.14886459762843596
la,ca,0.21369393587863794
la,ce,0.11441960925026953
la,cv,0.12284210394136721
la,es,0.2337234997506283
la,eu,0.20030251990420478
la,fr,0.2167545666110488
la,he,0.14931451633910078
la,it,0.22093009492909582
la,ja,0.14445383565589218
la,ka,0.198107959030693
la,kk,0.17238465187149124
la,kn,0.16616032817845158
la,ko,0.14879051422257172
la,lbe,0.09166385691641145
la,lez,0.1494032071725226
la,ml,0.18079081482842235
la,mn,0.15191049046853375
la,pt,0.2191386670471689
la,ro,0.19683191955208532
la,sah,0.12695652451326592
la,ta,0.17529343066841285
la,te,0.17136773248792067
la,tr,0.19870865776198413
la,tt,0.153949145739858
la,uz,0.17088613439879127
la,xal,0.05707081088240444
la,zh,0.13210562235755577
lbe,ar,0.10758359941761206
lbe,ce,0.05629428104054263
lbe,he,0.06698246633577117
lbe,lez,0.09359676990591287
lbe,zh,0.018157628720473024
lez,ar,0.16790602321430356
lez,ce,0.12161444170791555
lez,he,0.1404920462910274
lez,zh,0.08606682739140162
lt,ab,0.1418752436260609
lt,ar,0.2789787033674248
lt,av,0.1882397712201432
lt,az,0.2951482757215827
lt,ba,0.24788804572736425
lt,br,0.25169784248290267
lt,ca,0.33357207804506567
lt,ce,0.18786080597873184
lt,cv,0.205245582079384
lt,cy,0.23406144826487862
lt,da,0.3116012181160886
lt,de,0.32096662370271145
lt,en,0.307456840542055
lt,es,0.3401731123453526
lt,eu,0.2857075461056274
lt,fr,0.32205426623923994
lt,ga,0.21513026650388906
lt,he,0.2539448892545762
lt,is,0.23526206385529663
lt,it,0.33140558488329075
lt,ja,0.22867298212108716
lt,ka,0.2931845278864804
lt,kk,0.2731630907330159
lt,kn,0.27557590801603854
lt,ko,0.2653068440181106
lt,la,0.21037387440924246
lt,lbe,0.10923833519804253
lt,lez,0.20496126080588692
lt,ml,0.279253363439312
lt,mn,0.2271467374995861
lt,nl,0.31843330844369827
lt,no,0.29971985178394955
lt,pt,0.3204638503873632
lt,ro,0.29401168990947363
lt,sah,0.19513065189072734
lt,sv,0.294422376191315
lt,ta,0.2888261566789223
lt,te,0.27957244842143564
lt,tr,0.3063761980917593
lt,tt,0.2440543652998823
lt,uz,0.2640874403143168
lt,xal,0.0775585299843582
lt,zh,0.22160037048657022
lv,ab,0.09917112185403257
lv,ar,0.2829211036978209
lv,av,0.15892588005025887
lv,az,0.2770090276689478
lv,ba,0.22874931007469795
lv,be,0.33412626827786335
lv,bg,0.30828315756956964
lv,bn,0.25760156949271984
lv,br,0.24074979207622835
lv,ca,0.33023505516062174
lv,ce,0.16801790986426474
lv,cs,0.349896030258271
lv,cv,0.1945376419570394
lv,cy,0.20937482506713703
lv,da,0.31144339524108566
lv,de,0.35897311455993963
lv,el,0.29583390599311377
lv,en,0.30915466503337496
lv,es,0.3489141044074773
lv,eu,0.2770006792087423
lv,fa,0.3018569422415518
lv,fr,0.31741040548354577
lv,ga,0.18506281037014297
lv,he,0.24324858504075628
lv,hi,0.2762486598168195
lv,hr,0.29716991854324015
lv,hu,0.33324508708886974
lv,hy,0.29492454645674937
lv,is,0.23444052684624414
lv,it,0.32975151458014884
lv,ja,0.1979739035579295
lv,ka,0.2840449526094513
lv,kk,0.25871577621831093
lv,kn,0.2525906122995405
lv,ko,0.2437696082779729
lv,ku,0.19414528991412516
lv,la,0.22477861311596897
lv,lbe,0.07034651602994124
lv,lez,0.17846441393656254
lv,lt,0.3303219963288571
lv,ml,0.28219745102353944
lv,mn,0.21932692881974283
lv,nl,0.3236342052003888
lv,no,0.3019662831482158
lv,os,0.16452198987817288
lv,pl,0.3496185408560262
lv,ps,0.18161218734375345
lv,pt,0.3126765412813422
lv,ro,0.27283270546232186
lv,ru,0.3413667507905732
lv,sah,0.16619217547798953
lv,sk,0.3196950019437927
lv,sq,0.2545835490195067
lv,sv,0.2982235244769012
lv,ta,0.2656368491262148
lv,te,0.25932494418707686
lv,tr,0.3049383204458803
lv,tt,0.23369667799282579
lv,uk,0.35931068824561335
lv,uz,0.21805135716577723
lv,xal,0.07572382632788117
lv,zh,0.2045504531795684
mdf,ar,0.12761688987726566
mdf,av,0.12035569476704358
mdf,az,0.08818504231087759
mdf,ba,0.10203384724590575
mdf,be,0.12762737531485124
mdf,bg,0.10570115033805183
mdf,bn,0.07820559024591786
mdf,br,0.06977617769025328
mdf,ca,0.14151282046609984
mdf,ce,0.08393770517560852
mdf,cs,0.13019925864168727
mdf,cv,0.1105951523829503
mdf,cy,0.08482804263432193
mdf,da,0.09837094678323557
mdf,de,0.09091186173160641
mdf,el,0.1040746910104216
mdf,en,0.076864062543572
mdf,es,0.1263152487190822
mdf,eu,0.12505047482110462
mdf,fa,0.11761281187196986
mdf,fr,0.13292319954034287
mdf,ga,0.06184613595251723
mdf,he,0.09054801755692243
mdf,hi,0.1330781568002531
mdf,hr,0.12757452545245077
mdf,hu,0.12467362216090329
mdf,hy,0.11098601704173397
mdf,is,0.09799028074206524
mdf,it,0.13297948981070998
mdf,ja,0.07144240539479645
mdf,ka,0.11251474347515666
mdf,kk,0.11167143336317338
mdf,kn,0.05195931450265201
mdf,ko,0.0926646668344919
mdf,ku,0.09817967202249439
mdf,kv,0.1132121118946352
mdf,la,0.08025364682810306
mdf,lez,0.08113191661614319
mdf,lt,0.12296347273936753
mdf,lv,0.11180518603428045
mdf,ml,0.10655441139031768
mdf,mn,0.09677485583821624
mdf,myv,0.11242509975507926
mdf,nl,0.10875624692002775
mdf,no,0.10095182836819772
mdf,os,0.1442290345282891
mdf,pl,0.13661512578239465
mdf,ps,0.09257707498594708
mdf,pt,0.11217711596169107
mdf,ro,0.11379306706943468
mdf,ru,0.11624723864558026
mdf,sah,0.07959349709200896
mdf,sk,0.12628952339943356
mdf,sq,0.09641154443866427
mdf,sv,0.1165782442115103
mdf,ta,0.045576211564572505
mdf,te,0.09598029401746282
mdf,tr,0.14311400536447666
mdf,tt,0.09143363626310017
mdf,udm,0.09938694124813743
mdf,uk,0.12359640170904809
mdf,uz,0.0754271154840932
mdf,xal,0.07754000410938562
mdf,zh,0.0672289746099263
mhr,ar,0.196647672242044
mhr,az,0.15518247106622052
mhr,ba,0.2465746967634223
mhr,be,0.21576807793502878
mhr,bg,0.20765336725266484
mhr,bn,0.1879015492803182
mhr,br,0.19310134653840869
mhr,ca,0.19887138836350968
mhr,ce,0.2268581181978664
mhr,cs,0.22495861205571732
mhr,cy,0.18667429425875914
mhr,da,0.18037542296325285
mhr,de,0.0679252606305449
mhr,el,0.20273132415426576
mhr,en,0.14752980414978575
mhr,es,0.22159561989902676
mhr,eu,0.19665285920327094
mhr,fa,0.18041882432275488
mhr,fr,0.20963958902227553
mhr,ga,0.19554981007712416
mhr,he,0.16621874996817665
mhr,hi,0.22119053218388068
mhr,hr,0.2015092245179205
mhr,hu,0.1947204891995338
mhr,hy,0.22049179117058437
mhr,is,0.21175922880865422
mhr,it,0.1921505991736143
mhr,ja,0.12109836483040648
mhr,ka,0.24862874839154506
mhr,kk,0.19156882707410672
mhr,kn,0.1737552959449752
mhr,ko,0.157379831481077
mhr,ku,0.1598474625666902
mhr,la,0.19188766019450781
mhr,lez,0.24771319427213703
mhr,lt,0.22238936699414028
mhr,lv,0.1907731918176349
mhr,ml,0.27634138333156
mhr,mn,0.19410327351164988
mhr,myv,0.2472280777257018
mhr,nl,0.17912683642488594
mhr,no,0.1658269772480056
mhr,pl,0.218128848416028
mhr,ps,0.21517179108034362
mhr,pt,0.18944112620418274
mhr,ro,0.19585875564570704
mhr,ru,0.211252032398906
mhr,sah,0.20834364797406937
mhr,sk,0.20865016736206787
mhr,sq,0.23317391600289555
mhr,sv,0.16725752635186264
mhr,ta,0.16902328709130673
mhr,te,0.20036592210124846
mhr,tr,0.22676939497834975
mhr,tt,0.2231987429818271
mhr,udm,0.21492432928670174
mhr,uk,0.18902096329531565
mhr,uz,0.17360538996157032
mhr,zh,0.1017103261910081
ml,ab,0.10422148580931198
ml,ar,0.24182678764336796
ml,av,0.1938470339607479
ml,ce,0.14841834823765535
ml,eu,0.2647557464532363
ml,he,0.19586232683043836
ml,ka,0.26291148350665794
ml,lbe,0.09198845888239807
ml,lez,0.17282504158880677
ml,ta,0.27319618024598363
ml,te,0.2582740165142067
ml,zh,0.15599589532785257
mn,ab,0.08811906169279764
mn,ar,0.19899254026172103
mn,av,0.14339206522049971
mn,ce,0.13071096673713786
mn,eu,0.21822954601136502
mn,he,0.1682881479167356
mn,ja,0.16107797048262454
mn,ka,0.21745164503597086
mn,kn,0.19708442736699466
mn,ko,0.1983778308297998
mn,lbe,0.09047870486950985
mn,lez,0.15268940228635444
mn,ml,0.1988330686692174
mn,ta,0.20536617654008069
mn,te,0.19575248458022443
mn,xal,0.07373105171514786
mn,zh,0.1535175134194084
mrj,ab,0.11563779172248248
mrj,ar,0.15965218432526332
mrj,av,0.11279376347772518
mrj,az,0.1777138682121387
mrj,ba,0.16276861556589453
mrj,be,0.19323715199379468
mrj,bg,0.17762706047911725
mrj,bn,0.10640191273950361
mrj,br,0.13571625882513774
mrj,ca,0.17881844034738514
mrj,ce,0.1063775214927389
mrj,cs,0.1925169658325926
mrj,cv,0.09391711270867949
mrj,cy,0.1223443929500855
mrj,da,0.15179554617023067
mrj,de,0.18649384479369652
mrj,el,0.18129978064261437
mrj,en,0.14080286936579
mrj,es,0.1863616382158762
mrj,eu,0.16752830425495668
mrj,fa,0.17818283471590626
mrj,fr,0.19248964391141984
mrj,ga,0.11708740341617774
mrj,he,0.1298140457500988
mrj,hi,0.20618272892543782
mrj,hr,0.1863732902515865
mrj,hu,0.19252850664608473
mrj,hy,0.1709954444895539
mrj,is,0.1391751742922238
mrj,it,0.18737348903513992
mrj,ja,0.10453485331411261
mrj,ka,0.18520041951724966
mrj,kk,0.1739187101626828
mrj,kn,0.11184660741875065
mrj,ko,0.12973395366612392
mrj,ku,0.12309043457770066
mrj,kv,0.10381384190112848
mrj,la,0.143378216297266
mrj,lbe,0.05779412251762436
mrj,lez,0.10084409802412511
mrj,lt,0.1829423965977907
mrj,lv,0.15648373449544126
mrj,mdf,0.09559803163921
mrj,mhr,0.34546970188814163
mrj,ml,0.171477252023825
mrj,mn,0.15705915442553148
mrj,myv,0.0951243533757125
mrj,nl,0.1638332341013253
mrj,no,0.147282339001779
mrj,os,0.15270651004136965
mrj,pl,0.18823698021398064
mrj,ps,0.12295744480602791
mrj,pt,0.16230819164423987
mrj,ro,0.18062118408988098
mrj,ru,0.17408444287303027
mrj,sah,0.11792973287563266
mrj,sk,0.1818915255173694
mrj,sq,0.16110428026028017
mrj,sv,0.14363081878344783
mrj,ta,0.1203468872038849
mrj,te,0.13464979033518187
mrj,tr,0.1996994026402398
mrj,tt,0.15009960445074846
mrj,udm,0.09731849802505146
mrj,uk,0.19221008905008888
mrj,uz,0.11764961845821946
mrj,xal,0.05197362376911968
mrj,zh,0.11346128975680124
myv,ar,0.12906002640903233
myv,av,0.09785755887098858
myv,az,0.13391937303171525
myv,ba,0.11623903723505077
myv,be,0.15304429045395052
myv,bg,0.14890012956761944
myv,bn,0.09338553877307205
myv,br,0.10712524259348691
myv,ca,0.15073456386612616
myv,ce,0.08465912608977774
myv,cs,0.1678216569377604
myv,cv,0.08085921493253201
myv,cy,0.10472340403162626
myv,da,0.12895579132548277
myv,de,0.15567980647419533
myv,el,0.160244729648204
myv,en,0.13105517968313493
myv,es,0.16830040327876022
myv,eu,0.14047840686471982
myv,fa,0.14808183788517848
myv,fr,0.16814492118839303
myv,ga,0.10354796527393682
myv,he,0.10034364889538686
myv,hi,0.16708485707250864
myv,hr,0.1542095926544703
myv,hu,0.1638010243747622
myv,hy,0.15013188217399512
myv,is,0.11546378251076113
myv,it,0.15845850349375282
myv,ja,0.05098233195894059
myv,ka,0.14357297281311357
myv,kk,0.14288033930728225
myv,kn,0.08976401007361284
myv,ko,0.09132405232392274
myv,ku,0.10549232588782785
myv,kv,0.12347405287320229
myv,la,0.1251924286444146
myv,lbe,0.04488773480615995
myv,lez,0.0649382185344712
myv,lt,0.16575298400725302
myv,lv,0.12737474966468743
myv,ml,0.13095655471136025
myv,mn,0.1280815626824718
myv,nl,0.14086718809510412
myv,no,0.12827852746465795
myv,os,0.09023838559748884
myv,pl,0.16592434298814063
myv,ps,0.08369640897238302
myv,pt,0.15574795451306234
myv,ro,0.14153562720727578
myv,ru,0.1467791990239635
myv,sah,0.085097722858784
myv,sk,0.1605362747125568
myv,sq,0.127754404585377
myv,sv,0.12355523281565045
myv,ta,0.09414220421666984
myv,te,0.11013276977427187
myv,tr,0.17424788060303184
myv,tt,0.10862321493091079
myv,udm,0.07389512644063934
myv,uk,0.16090035492215196
myv,uz,0.08192184283980403
myv,xal,0.0406510729915018
myv,zh,0.07607090343383703
nl,ab,0.10872452215321879
nl,ar,0.27710790250298584
nl,av,0.17137473498601935
nl,az,0.2805961464672978
nl,ba,0.24428743250355567
nl,br,0.2498596520708535
nl,ca,0.340115063068784
nl,ce,0.1778827001126022
nl,cv,0.19834539237403265
nl,cy,0.22761500760523165
nl,en,0.3544214928359736
nl,es,0.3593931382656933
nl,eu,0.2977076531674658
nl,fr,0.34077258932320614
nl,ga,0.20432313418457043
nl,he,0.25523921406872563
nl,it,0.3500883935820248
nl,ja,0.23706312637422677
nl,ka,0.29482946304318014
nl,kk,0.2729065998062739
nl,kn,0.26890083609259446
nl,ko,0.2562859275649804
nl,la,0.2078247085122274
nl,lbe,0.09682908390825878
nl,lez,0.19251229489758323
nl,ml,0.27521100062204107
nl,mn,0.22730608992703247
nl,pt,0.33052333573657117
nl,ro,0.3027996123589552
nl,sah,0.19669774188029981
nl,ta,0.28953544281229215
nl,te,0.27853758733610506
nl,tr,0.3085481578439364
nl,tt,0.2418641544690027
nl,uz,0.26819938588305203
nl,xal,0.09257509508547991
nl,zh,0.25115032959999345
no,ab,0.08872991881324334
no,ar,0.2681407080089867
no,av,0.16394339611409217
no,az,0.27120482730470513
no,ba,0.21593357892014137
no,br,0.22550895691294306
no,ca,0.32232167084918817
no,ce,0.15517732612256757
no,cv,0.1772273016537948
no,cy,0.20872219638279674
no,da,0.43443114654059417
no,de,0.35726218701813584
no,en,0.33290558090046446
no,es,0.34030314804956163
no,eu,0.28492525979255384
no,fr,0.3190867325711147
no,ga,0.1847195419660709
no,he,0.23568759658446936
no,it,0.33730322508898636
no,ja,0.22821682580721472
no,ka,0.28529684202262146
no,kk,0.25026392026663763
no,kn,0.25192017140228157
no,ko,0.24674406399966503
no,la,0.1881838507244583
no,lbe,0.0942718279282943
no,lez,0.1795972950414954
no,ml,0.2541697940890388
no,mn,0.2107140128582212
no,nl,0.3358195068097816
no,pt,0.318202731956544
no,ro,0.2833359687133871
no,sah,0.16683262800824897
no,sv,0.359747153498828
no,ta,0.2715954721685099
no,te,0.25772438187604063
no,tr,0.29656682388830147
no,tt,0.2155860183101964
no,uz,0.2485850642895315
no,xal,0.06734562005379408
no,zh,0.23705729593048153
os,ar,0.17659300966531188
os,av,0.1829918469827195
os,az,0.19603308725136348
os,ba,0.17924392545861106
os,be,0.21229162157838488
os,bg,0.200266934162254
os,br,0.15906482493646143
os,ca,0.22134431665771384
os,ce,0.10661291768396725
os,cs,0.22524505822840682
os,cv,0.16948478291344038
os,cy,0.13468406391565452
os,da,0.1760726084681326
os,de,0.18377760572072904
os,el,0.18620778310760025
os,en,0.1606315887756593
os,es,0.23072759722273847
os,eu,0.19942669552723036
os,fr,0.22911971208606197
os,ga,0.1453730082167312
os,he,0.13804469148220272
os,hr,0.21122952271486478
os,hy,0.20251156130526365
os,is,0.17392391121477963
os,it,0.22471935453264708
os,ja,0.12508759977031667
os,ka,0.2079209208556019
os,kk,0.20145509933225086
os,kn,0.13490509366645084
os,ko,0.1470064672161979
os,la,0.16950412731461995
os,lez,0.14973831983423894
os,lt,0.21417587881254874
os,ml,0.19071227945590166
os,mn,0.1732228354474374
os,nl,0.19405444948842235
os,no,0.18491079266560048
os,pl,0.20719740569774267
os,pt,0.2004707047945108
os,ro,0.19478059505398157
os,ru,0.2126186204240489
os,sah,0.14659647655125954
os,sk,0.20977744325562195
os,sq,0.1669121320477133
os,sv,0.18283292236645984
os,ta,0.138021782770863
os,te,0.1699598659891242
os,tr,0.23411308564976585
os,tt,0.14805549506569524
os,uk,0.22811537923095918
os,uz,0.16112825632955002
os,xal,0.06266149404833697
os,zh,0.11430625029715698
pl,ab,0.1415174042055873
pl,ar,0.2934190846871174
pl,av,0.19479479950302098
pl,az,0.29340581955751155
pl,ba,0.24014829569991467
pl,be,0.37153592941901775
pl,br,0.25738705655356425
pl,ca,0.3520194932358015
pl,ce,0.16949581294034122
pl,cv,0.19504115273971975
pl,cy,0.22609466167681683
pl,da,0.33760395669831494
pl,de,0.36291055796431254
pl,en,0.34053389698782854
pl,es,0.372213502558183
pl,eu,0.3039185239165361
pl,fr,0.35575285259731054
pl,ga,0.20969070481172594
pl,he,0.2538279011996123
pl,is,0.23479048809459097
pl,it,0.3571167668998072
pl,ja,0.2326135963127081
pl,ka,0.3121723877931262
pl,kk,0.2693549199492014
pl,kn,0.2738064603448671
pl,ko,0.2682396292223258
pl,la,0.209199211227595
pl,lbe,0.10332046687070594
pl,lez,0.18733425531662856
pl,lt,0.34745905379483527
pl,ml,0.28303640908749156
pl,mn,0.23124313153878193
pl,nl,0.34202423506477303
pl,no,0.3275175478287834
pl,pt,0.34666329575567406
pl,ro,0.3099760248929987
pl,ru,0.4271524290057181
pl,sah,0.19703745899537486
pl,sv,0.31836341147616287
pl,ta,0.2909707309541821
pl,te,0.2899037384505287
pl,tr,0.3237848665953193
pl,tt,0.23949647969640916
pl,uk,0.42243313270616145
pl,uz,0.2727946706499597
pl,xal,0.09002573597739051
pl,zh,0.2410760558108281
ps,ab,0.06876573797306586
ps,ar,0.18960699877466916
ps,av,0.14068910528468262
ps,az,0.19753539367337072
ps,ba,0.15873370925704833
ps,be,0.1899932737491686
ps,bg,0.20408555310743925
ps,br,0.14994090068476304
ps,ca,0.21203711197518102
ps,ce,0.1249628768931342
ps,cs,0.21786472298393963
ps,cv,0.14681161108037488
ps,cy,0.1399953958110503
ps,da,0.18991911681042048
ps,de,0.2155278596052761
ps,el,0.19923306974332364
ps,en,0.1845743989891822
ps,es,0.22433888365286012
ps,eu,0.1915934633282515
ps,fa,0.22431932106141336
ps,fr,0.22155900250106453
ps,ga,0.12696394698928928
ps,he,0.1468289340358804
ps,hr,0.20669314089727142
ps,hy,0.19731314399728508
ps,is,0.15499286453845532
ps,it,0.22682009839610945
ps,ja,0.11599282939445739
ps,ka,0.1817865775496196
ps,kk,0.18292271916320557
ps,kn,0.1472741438531025
ps,ko,0.1592824473229161
ps,ku,0.14243464639794076
ps,la,0.15987234098240138
ps,lbe,0.08806795209583558
ps,lez,0.12597306089882934
ps,lt,0.21614747503615453
ps,ml,0.18056877244626243
ps,mn,0.16056400040203317
ps,nl,0.213084979869835
ps,no,0.1882400653716502
ps,os,0.13645646385910432
ps,pl,0.20708741521629648
ps,pt,0.21504467448659353
ps,ro,0.19861459459680267
ps,ru,0.20082115091721375
ps,sah,0.11616171382676281
ps,sk,0.21082352754208397
ps,sq,0.17433013970580183
ps,sv,0.19179387337973358
ps,ta,0.1556475507562454
ps,te,0.15981197149746923
ps,tr,0.2162935687820887
ps,tt,0.15902245043035879
ps,uk,0.21055488707787826
ps,uz,0.1459916111255456
ps,xal,0.039323979095153436
ps,zh,0.10960065156473615
pt,ab,0.10758426713746194
pt,ar,0.28602348752139944
pt,av,0.1835994725656199
pt,az,0.29834227036727806
pt,ba,0.23423753647480092
pt,ce,0.17800600406381759
pt,cv,0.18219589414377826
pt,eu,0.294569795930601
pt,he,0.25561081215494125
pt,it,0.3736982336040483
pt,ja,0.24732250297854436
pt,ka,0.2913056187315304
pt,kk,0.2744865683893089
pt,kn,0.28106944680264356
pt,ko,0.2623648220439371
pt,lbe,0.10303979735314162
pt,lez,0.18947781149165352
pt,ml,0.2708352633390482
pt,mn,0.23193858044174792
pt,ro,0.30297108418143825
pt,sah,0.19568342917148893
pt,ta,0.2955524954622685
pt,te,0.2749747441268052
pt,tr,0.314183296927561
pt,tt,0.23210618832995222
pt,uz,0.2642358498760936
pt,xal,0.08055733994507708
pt,zh,0.25308790992243896
ro,ab,0.11124993507173558
ro,ar,0.2634945228176087
ro,av,0.16913639963125995
ro,az,0.2651026052344875
ro,ba,0.2184103246386685
ro,ce,0.17050574624937492
ro,cv,0.18319157461529453
ro,eu,0.27677509676421896
ro,he,0.2292012585161546
ro,ja,0.2122916390977126
ro,ka,0.2808460202398407
ro,kk,0.24747214998776423
ro,kn,0.24493870884604765
ro,ko,0.23850395451328602
ro,lbe,0.10719041003150975
ro,lez,0.16906267128569577
ro,ml,0.24588123001855205
ro,mn,0.21099146848437833
ro,sah,0.18657816203552827
ro,ta,0.2519632239066893
ro,te,0.25005240735413103
ro,tr,0.2807098570715444
ro,tt,0.21934195325278874
ro,uz,0.2513661769976517
ro,xal,0.0826151693282069
ro,zh,0.22072218880451763
ru,ab,0.13842081467386808
ru,ar,0.2884530650286803
ru,av,0.1951792287568384
ru,az,0.29515370422886233
ru,ba,0.23953159211634006
ru,br,0.23605393720219242
ru,ca,0.3570791674975744
ru,ce,0.16795251185328758
ru,cv,0.18320372411683408
ru,cy,0.2101784690109674
ru,da,0.33931429926268575
ru,de,0.35473168390245086
ru,en,0.3481080007940274
ru,es,0.38261985981665847
ru,eu,0.29771605605243767
ru,fr,0.3568931978784422
ru,ga,0.19855865534065667
ru,he,0.261580390170211
ru,is,0.23319254373730447
ru,it,0.36483038613759966
ru,ja,0.24433401083017228
ru,ka,0.3196796647865826
ru,kk,0.2844084473551912
ru,kn,0.26462504917114626
ru,ko,0.25821926468386835
ru,la,0.19316182113061725
ru,lbe,0.10785547299628451
ru,lez,0.18849662818539092
ru,lt,0.3439388096855412
ru,ml,0.2848354005150257
ru,mn,0.22116626190939578
ru,nl,0.3408986068736925
ru,no,0.3285643832751454
ru,pt,0.35168197820243574
ru,ro,0.30837765163056957
ru,sah,0.17967282428616657
ru,sv,0.3122363056695076
ru,ta,0.286574116395906
ru,te,0.2797450760947918
ru,tr,0.33500120493567986
ru,tt,0.24116102843656334
ru,uz,0.26921795582892827
ru,xal,0.08418889353992437
ru,zh,0.2411146420682571
sah,ab,0.05203856445157205
sah,ar,0.1695204818888541
sah,av,0.0923146887654678
sah,ce,0.09448337528534115
sah,eu,0.18506891517010252
sah,he,0.14368366284994621
sah,ja,0.0910932271677681
sah,ka,0.16509231180817235
sah,kn,0.1451757220855384
sah,ko,0.11688332391746724
sah,lbe,0.07474526223007076
sah,lez,0.11553488280012184
sah,ml,0.15005750698064224
sah,mn,0.14002544321431135
sah,ta,0.14067564097861476
sah,te,0.14515778057952475
sah,xal,0.04204301772264143
sah,zh,0.1004864015216562
se,he,0.08695064204648052
se,zh,0.16269726249389949
sk,ab,0.14076267680827667
sk,ar,0.2746434065297909
sk,av,0.18657275603153198
sk,az,0.27506822034451195
sk,ba,0.23579312420733764
sk,be,0.33462395660844996
sk,br,0.23774264831565978
sk,ca,0.31172256190951336
sk,ce,0.18243426044630354
sk,cs,0.40111733980096614
sk,cv,0.20710999401494692
sk,cy,0.21652963569992026
sk,da,0.3078586220105007
sk,de,0.3303470475927983
sk,en,0.3049432249724841
sk,es,0.3311729303528823
sk,eu,0.28613883564744197
sk,fr,0.3195232319067863
sk,ga,0.19689530589021217
sk,he,0.24874558783212763
sk,is,0.24027335198341584
sk,it,0.3284764193206177
sk,ja,0.2099072288498765
sk,ka,0.29309986023115503
sk,kk,0.25608665675528064
sk,kn,0.25534787305650936
sk,ko,0.25488449757647835
sk,la,0.19984098987733856
sk,lbe,0.1103219988265776
sk,lez,0.18886109013636168
sk,lt,0.31626135817682827
sk,ml,0.2691551780257744
sk,mn,0.22145218385384435
sk,nl,0.3099430903621761
sk,no,0.3050052523418433
sk,pl,0.3584643100754052
sk,pt,0.3070614698649323
sk,ro,0.2858933537322606
sk,ru,0.35999973241727984
sk,sah,0.1973514632630575
sk,sv,0.2925647320463263
sk,ta,0.2780653784307804
sk,te,0.26400392880019147
sk,tr,0.3000202257589071
sk,tt,0.2330321272011354
sk,uk,0.3592656642000343
sk,uz,0.26490561510345845
sk,xal,0.0749232429056938
sk,zh,0.22539641922941075
sq,ab,0.11332479880139715
sq,ar,0.23620174412779069
sq,av,0.15593027194706255
sq,az,0.2414260884753803
sq,ba,0.19131112732751054
sq,be,0.2524661329471368
sq,bg,0.27146255268619834
sq,br,0.20740810099257256
sq,ca,0.2705057202795729
sq,ce,0.14140387640039948
sq,cs,0.28003352509498225
sq,cv,0.1641159516895115
sq,cy,0.17684251994673975
sq,da,0.25366644453980597
sq,de,0.27317772042845184
sq,en,0.2518762468627766
sq,es,0.28873926327324007
sq,eu,0.2527681662549536
sq,fr,0.2804401284375301
sq,ga,0.15781584016664288
sq,he,0.19970332358427934
sq,hr,0.2660221969415009
sq,is,0.19344792135009392
sq,it,0.2826960661546617
sq,ja,0.18086820453602281
sq,ka,0.24949864878469066
sq,kk,0.21863595047095988
sq,kn,0.21615973013646286
sq,ko,0.2089145971843938
sq,la,0.16908798697498528
sq,lbe,0.07944978365836787
sq,lez,0.16670915489381827
sq,lt,0.2685117882076592
sq,ml,0.22439964856001807
sq,mn,0.183649972316092
sq,nl,0.2613398008484941
sq,no,0.24949030591904103
sq,pl,0.27591504543816264
sq,pt,0.2641286015431226
sq,ro,0.25283931991081365
sq,ru,0.26789911947154327
sq,sah,0.14723647943170093
sq,sk,0.2633808217415505
sq,sv,0.24266898701308812
sq,ta,0.2145900119051463
sq,te,0.21499975030614013
sq,tr,0.258166884894706
sq,tt,0.18455033558539216
sq,uk,0.2763995398895827
sq,uz,0.21626020792127945
sq,xal,0.07151282249679732
sq,zh,0.1765032467650697
sv,ab,0.12112158435000969
sv,ar,0.2580370323940309
sv,av,0.16027390309597836
sv,az,0.25426275486481487
sv,ba,0.21985519894593256
sv,br,0.22506452503258215
sv,ca,0.31192280262147853
sv,ce,0.16079599463237995
sv,cv,0.16637358675105152
sv,cy,0.19987333975706895
sv,da,0.3572817393842471
sv,de,0.330699298386404
sv,en,0.3159663193878652
sv,es,0.3265474644127658
sv,eu,0.2773879361742311
sv,fr,0.31126613335994213
sv,ga,0.19562808898737769
sv,he,0.22936747086849382
sv,it,0.31901878387913524
sv,ja,0.21491083185896245
sv,ka,0.27207263297145545
sv,kk,0.2512262834126199
sv,kn,0.2561992351354305
sv,ko,0.2445384010067281
sv,la,0.18654680932626735
sv,lbe,0.08355399011288889
sv,lez,0.17546513158835175
sv,ml,0.25373730740511985
sv,mn,0.2036056662682977
sv,nl,0.32122563600015275
sv,pt,0.2990401801224712
sv,ro,0.2770508338856537
sv,sah,0.1690660863813231
sv,ta,0.2591928291388639
sv,te,0.2527889001419685
sv,tr,0.2900821714964251
sv,tt,0.21295213719035336
sv,uz,0.24480245986727897
sv,xal,0.07414668357724648
sv,zh,0.22448249865024222
ta,ab,0.037963648060294966
ta,ar,0.24082458152721287
ta,av,0.11094693858007369
ta,ce,0.12040407782884548
ta,eu,0.2578286375478767
ta,he,0.20911637909742503
ta,ka,0.25699042617819656
ta,lbe,0.05892151479767522
ta,lez,0.14751534175942085
ta,te,0.25320309506448063
ta,zh,0.16030433063483587
te,ab,0.042424809200198865
te,ar,0.23718406277573018
te,av,0.1395932760770048
te,ce,0.1366479174866544
te,eu,0.250705860437425
te,he,0.18895678513242214
te,ka,0.25869070377215164
te,lbe,0.07996721255398807
te,lez,0.15065753487671385
te,zh,0.1542084952666076
tr,ab,0.15591163283081466
tr,ar,0.2804636318001343
tr,av,0.210648421828337
tr,az,0.3283422041093467
tr,ba,0.2546594110838008
tr,ce,0.1759257550249835
tr,cv,0.19959581433400853
tr,eu,0.2958676465757349
tr,he,0.250320972292872
tr,ja,0.22338567257937544
tr,ka,0.29663488452724357
tr,kk,0.27106511082746715
tr,kn,0.27693993449431836
tr,ko,0.2723196560075159
tr,lbe,0.1133755708639776
tr,lez,0.20164736830354665
tr,ml,0.2684153602121163
tr,mn,0.23606581274385469
tr,sah,0.19900647392593412
tr,ta,0.2823164949399505
tr,te,0.27052889749117026
tr,tt,0.24768057722223882
tr,uz,0.2949458275148068
tr,xal,0.0907389193298466
tr,zh,0.23028653609738028
tt,ab,0.06557935230318833
tt,ar,0.20367664171529554
tt,av,0.144052180557163
tt,ce,0.1244354671611219
tt,cv,0.16920938149201836
tt,eu,0.2217191898235443
tt,he,0.166603210195591
tt,ja,0.15280614545648039
tt,ka,0.21600574513194895
tt,kn,0.1877414174956463
tt,ko,0.16547809298127825
tt,lbe,0.08889366395842664
tt,lez,0.14727250517200072
tt,ml,0.20478294060352148
tt,mn,0.1822000648039622
tt,sah,0.13821283573727974
tt,ta,0.1857139734323705
tt,te,0.18875704366546558
tt,xal,0.0516277565110488
tt,zh,0.16330434657505186
udm,ab,0.04381545521460852
udm,ar,0.14800346208837967
udm,av,0.13376596306886251
udm,az,0.17988782884363666
udm,ba,0.16698974823771717
udm,be,0.19000752317716993
udm,bg,0.17539417262151905
udm,bn,0.11609714220542336
udm,br,0.1348591444469978
udm,ca,0.17057958253314537
udm,ce,0.11986524547529982
udm,cs,0.1914883245645922
udm,cv,0.09345086455875624
udm,cy,0.1098282913818572
udm,da,0.1514663886354732
udm,de,0.17539651850598076
udm,el,0.19057624002921913
udm,en,0.14031194668532115
udm,es,0.19781570812651061
udm,eu,0.16571313323193793
udm,fa,0.17145209348697774
udm,fr,0.1848711398662726
udm,ga,0.11827397559201024
udm,he,0.134648635248066
udm,hi,0.20680632483180292
udm,hr,0.17692219268361922
udm,hu,0.18481370072263414
udm,hy,0.1793264224047005
udm,is,0.13458657742334454
udm,it,0.19390964548328438
udm,ja,0.09765535873176279
udm,ka,0.16900116463613768
udm,kk,0.16742086515484708
udm,kn,0.10715086417000878
udm,ko,0.12955931628709755
udm,ku,0.12551215430876847
udm,kv,0.12961400690239192
udm,la,0.1549616431507186
udm,lbe,0.07272389986188114
udm,lez,0.13249185977378136
udm,lt,0.19017304536277554
udm,lv,0.14360177318186476
udm,ml,0.1852638417655615
udm,mn,0.136081557338771
udm,nl,0.15252455301039533
udm,no,0.14615864502238357
udm,os,0.1490443818430669
udm,pl,0.1918692375881555
udm,ps,0.12131711704918559
udm,pt,0.177016507710235
udm,ro,0.17044706754719902
udm,ru,0.19049898104199264
udm,sah,0.10196657160259326
udm,sk,0.18589265769070207
udm,sq,0.14568601567459016
udm,sv,0.1413456888665273
udm,ta,0.12353459464585462
udm,te,0.14325581188370462
udm,tr,0.20402286840857586
udm,tt,0.13078393932651616
udm,uk,0.19873212163827442
udm,uz,0.12240335646624666
udm,xal,0.016370913718704163
udm,zh,0.08749219859795081
uk,ab,0.1321335382620556
uk,ar,0.2873068522697795
uk,av,0.19543272338866746
uk,az,0.30685087081774
uk,ba,0.24552405428693466
uk,be,0.4276663864644464
uk,br,0.24111477405960438
uk,ca,0.3561376182471852
uk,ce,0.17597175133629792
uk,cv,0.19066116679563125
uk,cy,0.21857804731083005
uk,da,0.33733824465576956
uk,de,0.34210080476864446
uk,en,0.3388770769402478
uk,es,0.37615301284388064
uk,eu,0.30493048176515186
uk,fr,0.34878844702963663
uk,ga,0.20493791743412187
uk,he,0.2570958756643107
uk,is,0.23971102200982405
uk,it,0.3625680133614408
uk,ja,0.24052858701374405
uk,ka,0.32255464601549216
uk,kk,0.2846233876187537
uk,kn,0.2803991524914687
uk,ko,0.2629783769373693
uk,la,0.20323162848641418
uk,lbe,0.11015941940762314
uk,lez,0.19728658942931016
uk,lt,0.3497538306232083
uk,ml,0.28192190934537376
uk,mn,0.2287041347511269
uk,nl,0.3391226679659173
uk,no,0.32211637165374507
uk,pt,0.3470643310922395
uk,ro,0.3121751464947444
uk,ru,0.5079911305518058
uk,sah,0.19195922068317747
uk,sv,0.31128547864628586
uk,ta,0.29020812544411095
uk,te,0.2889060389477768
uk,tr,0.33042040614525925
uk,tt,0.24984460644811723
uk,uz,0.2742689265245665
uk,xal,0.08404339218605449
uk,zh,0.23731244033855312
uz,ar,0.23179005364117708
uz,av,0.13941995730921114
uz,ba,0.21823977970611438
uz,ce,0.11206518903495202
uz,cv,0.16765843400598107
uz,eu,0.24103100519191725
uz,he,0.19414847714096656
uz,ja,0.15405798872027499
uz,ka,0.24995150028799273
uz,kk,0.25599635454563896
uz,kn,0.2339710714368936
uz,ko,0.1900779837056877
uz,lbe,0.03792163035738485
uz,lez,0.14096727882281107
uz,ml,0.22192856557686047
uz,mn,0.21773370229202438
uz,sah,0.14183849995556866
uz,ta,0.22095979181766054
uz,te,0.20805061634855107
uz,tt,0.2212741107639226
uz,xal,0.034474014359670097
uz,zh,0.1700411822925397
vep,ar,0.19696215924119898
vep,av,0.1445110099006156
vep,az,0.18622299676860932
vep,ba,0.16453862140449702
vep,be,0.22738121785349952
vep,bg,0.21372997214739675
vep,bn,0.14680718147470379
vep,br,0.1516474089756738
vep,ca,0.22368591721842043
vep,ce,0.0937484598307459
vep,cs,0.2361306681991898
vep,cv,0.10603584987933523
vep,cy,0.14854815785775938
vep,da,0.19988772817454237
vep,de,0.21192698754149425
vep,el,0.22614548458434983
vep,en,0.19270971109457813
vep,es,0.23177167233082863
vep,et,0.2328080182626971
vep,eu,0.2058171467358977
vep,fa,0.21487988368667774
vep,fr,0.23033156036001012
vep,ga,0.1296961736197594
vep,he,0.15994589532574088
vep,hi,0.23470051463301872
vep,hr,0.21680010681529865
vep,hu,0.22779349380155053
vep,hy,0.2059088956018404
vep,is,0.16832934364814847
vep,it,0.236075777428795
vep,ja,0.126633185211086
vep,ka,0.20591813161144676
vep,kk,0.1838288416822549
vep,kn,0.13767806704604993
vep,ko,0.14901249473206754
vep,ku,0.13968330643698693
vep,kv,0.16397748322506697
vep,la,0.1917552707232443
vep,lbe,0.0717543873988505
vep,lez,0.1247458678361332
vep,lt,0.22906922849747832
vep,lv,0.19474522089040056
vep,mdf,0.10938259719713428
vep,ml,0.19824077186047925
vep,mn,0.17241123675681289
vep,mrj,0.124302631739633
vep,myv,0.1094834333220804
vep,nl,0.19805323364500613
vep,no,0.19670921986701953
vep,os,0.12462365927572437
vep,pl,0.22556204523052834
vep,ps,0.13265809016720762
vep,pt,0.21176651222071705
vep,ro,0.19434354723851133
vep,ru,0.22192925159543037
vep,sah,0.11961289729708446
vep,sk,0.22930170642107536
vep,sq,0.18843798564277578
vep,sv,0.20082601756453658
vep,ta,0.15975149522016244
vep,te,0.15445229852446615
vep,tr,0.23049427558777902
vep,tt,0.1646041986774148
vep,udm,0.12425938209219191
vep,uk,0.235162838370451
vep,uz,0.12471319405776833
vep,xal,0.07010008831639743
vep,zh,0.11841909748440176
xal,ar,0.08007209814064577
xal,av,0.07130492303566022
xal,ce,0.024105226504114115
xal,eu,0.06740495118276763
xal,he,0.04920434889207069
xal,ja,0.02832668268963867
xal,ka,0.06438940958861747
xal,kn,0.04084130671158269
xal,ko,0.048795891841022995
xal,lez,0.0330234328330338
xal,ml,0.07500292714366638
xal,ta,0.06311428999331789
xal,te,0.050803876031552356
xal,zh,0.028958764293940766
