,l1,l2,local_alignment,comparison_count
0,sl,cv,0.03660501354242876,261
1,myv,cv,0.04981399579805623,632
2,mrj,cv,0.052060571108276145,583
3,br,cv,0.05781838202482451,648
4,cv,sah,0.06212106422855268,687
5,la,cv,0.06242203546794656,761
6,uz,cv,0.06716000836388895,473
7,ku,cv,0.06741913392371165,615
8,cv,kn,0.07152782302908661,662
9,mrj,sl,0.07264125362452624,281
10,cv,ce,0.07542769159202022,517
11,ga,cv,0.07572195104689612,787
12,sl,te,0.07949433646270905,277
13,cy,cv,0.08045144250814881,768
14,cv,te,0.08341258889183609,619
15,sl,ce,0.08367065841466362,221
16,mrj,myv,0.08380905707523625,631
17,cv,he,0.08476059356231382,759
18,ku,sl,0.08494201728027698,272
19,sl,ga,0.0864602108238023,334
20,bn,cv,0.08944344693356517,610
21,ps,cv,0.08953247432589874,737
22,sl,sah,0.09018281396010842,298
23,myv,sah,0.09131320595336785,721
24,en,cv,0.09277270733957305,707
25,ba,cv,0.0936401454097578,733
26,mrj,kn,0.09491469069231179,644
27,mrj,sah,0.09533395456515283,670
28,sl,br,0.09623280587625462,273
29,myv,br,0.09648177112273915,664
30,os,cv,0.09878747883503541,522
31,myv,ga,0.09924054298692504,811
32,myv,uz,0.09954726724641211,507
33,br,sah,0.09962596315488363,731
34,ps,sl,0.10037058053310514,333
35,mrj,la,0.10093226372126587,733
36,sl,cy,0.10155258171580174,305
37,myv,ps,0.10213697264888773,787
38,az,cv,0.10244132341511569,755
39,mrj,ga,0.10280199259208536,732
40,is,cv,0.10443560655468327,793
41,da,cv,0.10489468789749663,746
42,mrj,ce,0.10533063289245377,490
43,mrj,he,0.10567145356351074,719
44,mrj,uz,0.1058100498741245,459
45,mrj,br,0.10603244468949545,610
46,hy,cv,0.10718515523429135,776
47,mrj,ku,0.10778794190777999,593
48,myv,la,0.10792307500879834,799
49,mrj,ps,0.10815159518403296,720
50,cv,mn,0.10824394878779721,878
51,myv,cy,0.10888165863088553,782
52,myv,te,0.10893374338970616,667
53,cv,ja,0.10895518424863401,648
54,mrj,cy,0.10926807304225046,698
55,lv,cv,0.11012772782087313,662
56,myv,he,0.11023911137479436,784
57,mhr,cv,0.11064595948957605,147
58,mrj,te,0.11091697147492452,595
59,tt,cv,0.11118641438096732,798
60,ku,sah,0.11208888422601568,702
61,kk,cv,0.11216372096306561,883
62,myv,ce,0.11221431622209511,541
63,sl,ml,0.11243761938412292,296
64,myv,kn,0.11349571171786012,695
65,ca,cv,0.11396390719479962,743
66,ga,sah,0.11425746688472768,904
67,sq,cv,0.11561898018877663,822
68,myv,ba,0.11593180527025232,773
69,bn,sl,0.11633776593665629,282
70,no,cv,0.11644461844011907,764
71,sl,mn,0.1168542676662622,373
72,be,cv,0.11761350917083248,784
73,et,cv,0.11796717100743688,801
74,la,sah,0.11813455513319351,882
75,ga,ce,0.11836410180102924,681
76,myv,ku,0.11844968875994961,635
77,sl,ta,0.11933375389139599,273
78,myv,os,0.12030240879408213,554
79,mrj,ta,0.12037164257294158,576
80,cv,eu,0.1209753419572106,845
81,sah,ce,0.12135706679967373,586
82,ga,la,0.1213649659338148,1050
83,ku,ga,0.1216838468659166,830
84,cv,ka,0.12180105874891974,824
85,sah,te,0.12288698202727798,719
86,mhr,myv,0.12453826189124184,146
87,myv,bn,0.12474602035593199,632
88,myv,tt,0.12492364358633226,822
89,sl,ja,0.12497330521086403,280
90,mrj,os,0.12531865094726707,531
91,mrj,bn,0.12541286127380247,577
92,myv,ta,0.12548773272627292,630
93,ps,sah,0.12555899165642778,849
94,ku,br,0.1257995147771045,660
95,sv,cv,0.126184246750507,804
96,ru,cv,0.1263699870880122,756
97,sl,en,0.12660955811024205,294
98,ga,br,0.12699105904853214,874
99,fa,cv,0.12756284372099883,735
100,mrj,ba,0.1279714697510314,702
101,la,ce,0.1281705622549726,679
102,lv,sl,0.12824273717386497,370
103,os,ga,0.12921894813980173,703
104,ga,he,0.1292430622454213,1028
105,os,sah,0.12982479578602243,609
106,uk,cv,0.12998080927405825,764
107,mrj,az,0.13027347743997256,723
108,mhr,cy,0.13030182021993425,148
109,mrj,en,0.1303194971010625,672
110,ku,he,0.13090072852932974,772
111,it,cv,0.13132009852444657,804
112,sl,no,0.13160782516639707,335
113,mrj,lv,0.13213021732517238,692
114,cy,sah,0.13241756255922096,872
115,bg,cv,0.13249597491861345,840
116,la,te,0.13261960545843424,825
117,br,ce,0.1330908856457146,548
118,os,la,0.13325726472006422,696
119,mhr,sah,0.13357150136891816,149
120,sah,kn,0.13363647536629053,777
121,pt,cv,0.1336610063202764,857
122,la,ba,0.1339140894511427,974
123,ga,te,0.13404594969298927,846
124,br,he,0.13413513923516648,828
125,mrj,no,0.13426250656566469,735
126,pl,cv,0.13427837908811846,794
127,mhr,kn,0.1344059776261279,132
128,myv,az,0.13444882699940663,790
129,mrj,da,0.1347600310707185,716
130,la,he,0.1348640089827602,1027
131,sl,tt,0.13499821130201448,326
132,ku,cy,0.13513332870691658,787
133,uz,ce,0.13514374387890835,401
134,mhr,br,0.1352118661175033,129
135,myv,hy,0.13527512838567143,806
136,cy,la,0.13534588967396474,1045
137,ku,te,0.1353768234832119,647
138,ku,la,0.13544496556491437,787
139,mhr,ga,0.13552391456053597,160
140,ga,uz,0.13559674286578266,641
141,mrj,tt,0.13577441276604196,747
142,myv,is,0.13587415512404963,820
143,myv,mn,0.1359367151962844,929
144,ps,ga,0.1360694032881031,1016
145,ro,cv,0.13666921915520966,870
146,myv,zh,0.13682327704856012,753
147,os,kn,0.13695327900470472,613
148,uz,sah,0.13699351346824085,551
149,os,he,0.13706633339333726,703
150,ps,la,0.13805791458495664,957
151,cy,te,0.13842630197926228,832
152,os,br,0.13881335909029816,550
153,cs,cv,0.13891833716029606,801
154,myv,ml,0.13899153893782626,714
155,mrj,mn,0.1389920668829516,838
156,br,la,0.13943567829001752,845
157,mrj,ml,0.1396718394948647,651
158,kn,ce,0.13970521720196757,585
159,mrj,zh,0.13971004524610134,691
160,ga,ba,0.14026930531430143,1000
161,sl,az,0.14033325314505096,334
162,mrj,sq,0.1404154665591161,769
163,cy,ce,0.1404160121219652,684
164,ps,uz,0.14042190783506164,614
165,ga,kn,0.14056169264851287,920
166,ku,uz,0.14062356430876494,492
167,mhr,la,0.14065848157665065,151
168,la,kn,0.14090879447745855,893
169,ku,kn,0.14095583864040984,699
170,ga,cy,0.14117916021027493,1078
171,os,ce,0.14119012100547457,481
172,ce,he,0.14134040378768,685
173,ku,os,0.1416287940998978,555
174,myv,sq,0.14172742651967868,841
175,os,cy,0.14182068461988592,673
176,mrj,ca,0.14182568329003345,686
177,mrj,is,0.1419271144702138,760
178,br,kn,0.14205620375523687,731
179,ps,br,0.14215585010542836,789
180,mrj,eu,0.14233457570282468,809
181,mrj,be,0.14249359661445393,745
182,myv,ca,0.14327634310128004,778
183,myv,ja,0.14345896604927244,662
184,myv,lv,0.14381369074354575,729
185,sl,is,0.14428018149003988,347
186,bn,sah,0.1446870211316335,700
187,sl,ka,0.14519872817426457,341
188,myv,en,0.14565398765339996,730
189,mrj,mhr,0.14573228400449628,141
190,myv,da,0.14575764232086721,770
191,myv,ar,0.14582026211759716,828
192,myv,be,0.145999682789447,819
193,mrj,hy,0.14649657560766213,740
194,ps,ku,0.14678191165019036,779
195,mrj,ar,0.14693616705205922,750
196,mhr,uz,0.14694630732584332,110
197,uz,he,0.1473358078536653,592
198,ba,sah,0.14763347433078503,843
199,br,te,0.14862560085014764,678
200,myv,eu,0.14873665655039875,886
201,ku,ce,0.14957468531248433,535
202,te,ce,0.14981413457229742,550
203,is,sah,0.15008646149448374,889
204,la,tt,0.15014048867703114,1062
205,os,te,0.15017485318261575,572
206,mrj,de,0.1502833346533547,329
207,sah,ta,0.1515420395497005,704
208,cy,uz,0.15238812279646,600
209,br,uz,0.1524755821844435,512
210,mhr,mn,0.15269571644275207,169
211,ps,ce,0.15278013680205202,635
212,et,mrj,0.1532230835089798,769
213,la,uz,0.15347888543220833,603
214,os,uz,0.1538559484797842,435
215,ps,kn,0.15406546834523774,846
216,lt,cv,0.15416867063824943,897
217,sah,ml,0.15433896288923166,778
218,mrj,sv,0.1548523466067948,771
219,mhr,te,0.1551556885216251,142
220,lv,ga,0.15547347971483316,889
221,br,ba,0.15653908273487482,797
222,mrj,el,0.15680960764659202,755
223,ba,ce,0.15699769030088573,659
224,cy,he,0.15713708465835796,1044
225,is,la,0.15741122547847242,1059
226,hy,sah,0.15751707744972349,876
227,lv,os,0.1576222526607646,662
228,la,mn,0.15785114434916084,1195
229,myv,ka,0.1579933574689098,875
230,hr,sl,0.15889058465108535,364
231,myv,tr,0.15894179139123532,905
232,mrj,ka,0.15901836346447762,796
233,sl,uk,0.15913544743835012,313
234,hy,la,0.1596348092136878,1039
235,ps,os,0.15979819713895219,670
236,mrj,it,0.15981095636620804,778
237,cy,kn,0.15989456837196236,895
238,mrj,ja,0.16021912660373963,615
239,cy,ba,0.16059927312831937,981
240,sah,zh,0.16065578286198384,831
241,ga,tt,0.1610308098544258,1066
242,ku,ba,0.16135016310636702,759
243,hy,ga,0.16136017539429756,1046
244,sq,sah,0.16154508429007394,928
245,mrj,tr,0.16171291265498297,823
246,myv,it,0.161843103516849,834
247,mhr,az,0.16199244120298234,156
248,mrj,nl,0.16228437469032242,813
249,myv,sv,0.1631061897225271,832
250,ga,ta,0.16310899895814196,820
251,bn,ce,0.16320541190522772,513
252,mrj,hu,0.1634158212684012,842
253,tt,sah,0.1634200781133005,907
254,ps,he,0.1634656947365472,945
255,bn,os,0.16352558865383943,566
256,la,zh,0.16353395792336894,982
257,br,tt,0.1636561841361595,871
258,mhr,lv,0.1637853136489359,194
259,cy,br,0.16383967775785171,867
260,mrj,ru,0.16391985539891932,720
261,is,ga,0.16401816589818294,1080
262,myv,hu,0.1646661973420821,931
263,bn,ku,0.16526510099710676,641
264,sq,ga,0.16547576680578985,1102
265,hy,br,0.16576516475130784,853
266,ps,ba,0.1658967002372903,907
267,ps,cy,0.16590834035360957,941
268,be,ga,0.16609323453415276,1045
269,ku,tt,0.16615245475564233,815
270,mhr,he,0.16628488307130418,154
271,la,ml,0.16633255415333104,892
272,os,tt,0.16641817242953102,724
273,myv,sk,0.16681367659688692,886
274,sah,mn,0.16703676805169812,1037
275,bn,ga,0.16710842546195376,826
276,myv,ru,0.16716299541700455,786
277,myv,el,0.16720989316507878,834
278,az,sah,0.16773773585143528,882
279,mhr,ba,0.16777409552917136,153
280,ga,kk,0.1678860659380872,1185
281,mrj,cs,0.1679527723985332,755
282,te,he,0.16841453907744888,830
283,os,ba,0.16845160213197488,666
284,mrj,ro,0.16854008539782428,844
285,fi,mrj,0.16866912790103816,809
286,sq,la,0.16888013967192597,1092
287,mrj,uk,0.16894693017422016,729
288,no,sah,0.16910007742249528,889
289,os,en,0.16916340597820886,642
290,ba,he,0.1694340486985377,968
291,ku,mn,0.1695678090473218,904
292,la,ta,0.16974036219586217,806
293,mrj,bg,0.16988573450189864,799
294,myv,pt,0.169956056307467,903
295,ba,kn,0.1700468942676187,842
296,en,la,0.17021473934270762,973
297,ce,zh,0.17035100695461208,652
298,ca,sah,0.17037988887568195,853
299,bn,la,0.17046683697102863,766
300,myv,bg,0.17057543685622925,876
301,ga,ar,0.17065867423138656,1076
302,mhr,ku,0.1706705844893653,135
303,ta,ce,0.17072683775941225,530
304,be,la,0.17073083449481385,1057
305,be,sah,0.17079870990761517,892
306,mrj,sk,0.1708046350331347,801
307,os,mn,0.1708674154234935,795
308,lv,sah,0.17096597022696933,835
309,myv,uk,0.17119021728973738,803
310,ku,zh,0.17126981192672305,748
311,ga,az,0.17139995353997106,1048
312,ga,mn,0.17143994087699624,1204
313,la,ar,0.17151560892789472,1089
314,ga,zh,0.17175056192941413,985
315,myv,fa,0.1719162995306863,778
316,myv,pl,0.1728123218094481,809
317,tt,ce,0.17308249029327985,713
318,uz,kn,0.17317437289607496,540
319,ku,hy,0.1732493190216726,805
320,da,ga,0.17360724125459465,1020
321,sah,eu,0.17362817128330427,970
322,da,sah,0.17365049024102452,862
323,ku,ca,0.17432592434150643,768
324,myv,cs,0.17437280706086913,829
325,mrj,fa,0.17440254050405377,709
326,ga,ca,0.17452093402196076,1042
327,en,sah,0.17467251311338658,813
328,uz,te,0.17502784311451897,497
329,ba,te,0.17511174292558437,789
330,cy,tt,0.17513041828661602,1073
331,bn,br,0.17536017133273987,643
332,ga,eu,0.1755563169521057,1141
333,la,ca,0.17621411599102937,1021
334,ku,is,0.17650136050040763,822
335,en,ce,0.17677617948442118,631
336,ku,sq,0.17706398534492057,835
337,kk,sah,0.17708798617770202,1001
338,da,la,0.17718724582533965,1020
339,os,da,0.17724478612836345,694
340,mrj,lt,0.1773288669364309,861
341,os,no,0.17738200123746561,708
342,is,br,0.17749865437308107,877
343,ga,ml,0.17758545162709727,900
344,sah,ar,0.17764021042375283,909
345,kn,he,0.1777129077103168,881
346,bg,sl,0.1777595703777479,369
347,no,ga,0.17783223522628763,1050
348,mhr,ps,0.1779784810250485,164
349,os,ml,0.17823580271396186,623
350,bn,cy,0.1785904941225148,771
351,ku,en,0.17868139573493746,728
352,ku,kk,0.1789612485535731,901
353,be,cy,0.17900101458112685,1059
354,mhr,bn,0.17999789737639393,153
355,ku,be,0.18003669349338697,794
356,et,sah,0.18052840085943742,918
357,la,ja,0.1805932668169433,850
358,cy,ta,0.18100976079191125,800
359,os,is,0.181095151668176,717
360,br,ta,0.18120922857390132,669
361,sl,pl,0.1812867765739267,332
362,ga,ka,0.18135157927930132,1125
363,lv,ku,0.18157343779482663,775
364,br,mn,0.181667069400301,974
365,az,ce,0.18172360149784345,672
366,be,br,0.18173281107680947,859
367,os,sq,0.1820110601544955,741
368,la,ka,0.1821126970909799,1116
369,hy,ce,0.18216492440357362,701
370,mhr,ta,0.18221900169621974,124
371,de,sah,0.18224339359683195,394
372,os,be,0.18230719928004901,727
373,sq,cy,0.1825560889794466,1091
374,mhr,en,0.18257270175075266,147
375,et,la,0.18275695892239466,1086
376,br,kk,0.1829029292120255,953
377,sq,ce,0.18323394487678518,717
378,hy,cy,0.18343461197518676,1048
379,tt,he,0.1836058629954228,1061
380,is,ce,0.1837165072341551,704
381,la,eu,0.18391476037285795,1112
382,mn,ce,0.18420393555761239,778
383,ps,tt,0.18435414849587967,993
384,ps,is,0.18442833908357703,996
385,ps,hy,0.18451688827048457,977
386,ku,az,0.18461495730152203,777
387,br,ar,0.18506639902405575,888
388,br,ml,0.18559140372030442,731
389,myv,de,0.1857285676867656,364
390,br,zh,0.18575821104025403,795
391,os,ar,0.18637061202786856,739
392,bn,uz,0.18639984658143488,510
393,sah,ka,0.18657865019190734,954
394,ku,ml,0.1867640049030247,695
395,myv,hi,0.18721186167011267,1006
396,br,az,0.1872339026868051,854
397,ku,da,0.18741936182152052,774
398,mhr,zh,0.18745933505153187,146
399,mhr,tt,0.18783920961163728,164
400,is,cy,0.1878702899863471,1077
401,hr,sah,0.1881226695244813,993
402,ku,no,0.18822779727863123,791
403,lv,cy,0.18855210678018128,885
404,sl,cs,0.18868251138058373,345
405,et,ga,0.1887164782187636,1072
406,os,de,0.18888881876872637,308
407,ga,ja,0.18935508322358827,867
408,ps,ta,0.18947792243192915,770
409,is,uz,0.18959745883765305,635
410,lv,la,0.18979971372759938,954
411,cy,mn,0.18993841369985967,1203
412,sq,br,0.1902134857769312,898
413,az,te,0.19022109627390726,815
414,sah,ja,0.1904410755069057,740
415,da,ce,0.19060061303961215,675
416,lv,ps,0.1906297086626573,911
417,mhr,ce,0.1910233125805395,106
418,lv,br,0.19110296151897954,813
419,ps,mn,0.19122307637758817,1113
420,tt,kn,0.19163774699386663,925
421,kk,ce,0.19177684885272817,783
422,cy,ml,0.19182910000660078,890
423,no,br,0.19223894017717857,853
424,be,ce,0.192336755328403,704
425,ps,be,0.1923728421341898,970
426,ca,ce,0.1924598131499752,676
427,ml,ce,0.19263180471452504,590
428,mhr,os,0.19268805257189833,118
429,uz,ta,0.1929620699565839,493
430,ce,ar,0.1934445946447047,723
431,br,ka,0.19434677731537467,911
432,sv,ga,0.19437606886946504,1108
433,ps,no,0.19441442113307789,953
434,mhr,hy,0.1944309300931254,160
435,hr,ga,0.19463482939023138,1175
436,ku,ar,0.19495494307400602,820
437,no,ce,0.19496390171067643,685
438,os,eu,0.19498284815091788,764
439,mn,te,0.19503774683093292,948
440,bn,ps,0.19510834214868894,775
441,ku,eu,0.1951300948259273,858
442,cy,ar,0.19536563945610044,1099
443,ga,ro,0.19541757814846564,1229
444,mrj,hi,0.19542168522770412,910
445,et,os,0.1956629481778899,745
446,bg,ga,0.19567963907048336,1140
447,ps,sq,0.19588039824507003,1017
448,el,la,0.195881355090547,1106
449,os,sv,0.1959531240672329,763
450,mn,he,0.19596209218417693,1186
451,ps,kk,0.19630034530741675,1096
452,ru,la,0.1967374762981533,1021
453,os,ja,0.19676883817837165,575
454,ps,eu,0.19729403425714404,1073
455,ku,ja,0.1977971114763165,664
456,bg,sah,0.1977994513780401,955
457,ku,hr,0.19780378805206586,895
458,hr,la,0.1978146561846679,1158
459,nl,ga,0.1978670460343127,1146
460,fa,sah,0.1980576689106111,841
461,sq,uz,0.19806758276788472,647
462,os,ca,0.19849781346417097,687
463,it,sah,0.19851384436569272,916
464,os,hr,0.19908778279154962,807
465,la,ro,0.1991955641838753,1191
466,fi,sah,0.19939108961386534,989
467,os,pl,0.19975953341787106,726
468,de,ga,0.19977269553169769,470
469,br,ca,0.20014458337255492,840
470,az,he,0.2001854639626896,1007
471,ru,ga,0.20027741493490966,1014
472,ro,sah,0.2002842126359757,1014
473,uz,zh,0.20054139855157874,570
474,ps,az,0.20104683306730098,958
475,ps,ca,0.20131940012101882,949
476,uz,ba,0.20145737321318707,590
477,ku,ka,0.20151501046807785,852
478,tr,sah,0.20170859700322016,998
479,sq,ba,0.20204521086681745,1021
480,nl,la,0.20208578099156524,1141
481,da,br,0.20210507917173678,830
482,uz,ar,0.2022402937325122,623
483,en,ga,0.20237754855557208,986
484,be,kn,0.20241345021236432,906
485,uk,sah,0.20246238046236248,881
486,is,ba,0.20252551802998758,1007
487,br,eu,0.202858447155185,919
488,os,ka,0.20308872832084404,768
489,pl,ga,0.20347078386945916,1053
490,be,te,0.20356991447969885,858
491,ps,ml,0.20366982139678078,843
492,is,te,0.20385541224554493,868
493,ps,en,0.2039571473982787,884
494,ba,mn,0.2039741988418842,1128
495,ba,ta,0.20420995722098587,764
496,cy,ka,0.20430075588969038,1122
497,os,ru,0.20437420341006335,692
498,pt,sah,0.20449570975560347,988
499,la,tr,0.20462162607765944,1154
500,mn,kn,0.20464592200458534,1039
501,cy,zh,0.20470386189684758,996
502,da,uz,0.20473972067895904,598
503,bn,ba,0.2047929398773013,746
504,hr,cy,0.20484958459805544,1154
505,mhr,hu,0.20491439752765667,177
506,ga,it,0.20509306817438674,1095
507,fa,os,0.2052559261667934,692
508,sk,ga,0.20533922050260592,1129
509,eu,ce,0.20575369275153335,751
510,mhr,pt,0.20581868557358163,164
511,no,cy,0.20595027010958403,1058
512,cy,eu,0.20617219533162237,1102
513,ku,sv,0.20643677389941165,844
514,ps,ka,0.2067709390315948,1045
515,et,br,0.20688050820635526,887
516,eu,he,0.20697573493054364,1104
517,ku,ro,0.20702524041857012,917
518,ps,ar,0.20718640767581617,995
519,mhr,ca,0.20729290880784873,160
520,el,br,0.20753269861989806,895
521,ku,bg,0.20754414372061936,862
522,lv,uz,0.20763688910182218,663
523,hy,ba,0.2076763948044231,978
524,da,cy,0.2076809095141763,1018
525,ku,nl,0.20782216678299614,861
526,ja,ce,0.2078979804575469,578
527,cy,ca,0.20803672448362234,1044
528,hr,br,0.20841432704784704,954
529,hy,kn,0.20847201801019544,895
530,en,br,0.20855127441326965,801
531,et,ku,0.20879660069225817,813
532,ga,pt,0.20880453413044833,1205
533,sq,kn,0.2094599817939662,939
534,ku,ru,0.20947888059873027,774
535,el,ce,0.2096236954971319,713
536,fi,ga,0.20973110715014798,1173
537,la,it,0.210016838446425,1074
538,os,it,0.21018474632443626,740
539,et,cy,0.21023599275731808,1089
540,et,ce,0.21027294208586494,714
541,ba,eu,0.21046408619188042,1049
542,ca,uz,0.2108648191053765,588
543,ps,ja,0.21098525278263391,804
544,pl,la,0.21108647722043214,1048
545,hu,ku,0.21109503778972402,901
546,uz,mn,0.2111821283202936,701
547,kn,eu,0.2113260714461776,961
548,sk,sah,0.21134479767085002,961
549,br,ja,0.21162186404501174,701
550,hy,uz,0.2116456436345014,613
551,mhr,is,0.21165068597967612,161
552,be,mn,0.21188058542141716,1212
553,be,uz,0.21199772783197798,618
554,fi,la,0.21200831205544135,1166
555,ps,sv,0.21242271565823984,1006
556,en,uz,0.21253666816280647,565
557,os,sk,0.21257889752169898,760
558,ku,el,0.21262826952545416,832
559,is,kn,0.2128986426473841,913
560,et,ps,0.21295354903055624,990
561,la,pt,0.21296873135614544,1189
562,br,tr,0.21307247703722526,955
563,mhr,ml,0.21314144751340847,143
564,sv,br,0.21319571070305499,899
565,mhr,uk,0.21322589569283218,153
566,ka,ce,0.21342722692391353,747
567,fi,os,0.21347746363066053,801
568,uz,eu,0.21349270912345608,665
569,os,lt,0.21386682413343608,826
570,sq,mn,0.2142605723652447,1253
571,ca,kn,0.2144670246214333,877
572,de,ce,0.21484131968541886,347
573,ku,uk,0.2148740472792194,789
574,mhr,fa,0.2151756909268572,174
575,is,tt,0.2152271108556539,1095
576,sv,ce,0.21541842294365596,732
577,az,kn,0.21558641671294262,885
578,bg,ce,0.21562370744799236,736
579,be,ba,0.2157180340787373,996
580,cs,ga,0.2158748296264618,1081
581,fa,la,0.21615525792294502,932
582,ku,pl,0.21626411665013645,810
583,lt,la,0.21648026392560857,1258
584,cs,sah,0.21658603162800633,912
585,hy,tt,0.2168769464500118,1068
586,os,uk,0.21692936784565017,712
587,hy,mn,0.21706492666667893,1196
588,sk,la,0.21728961834198443,1120
589,nl,ce,0.21743514671965827,745
590,ku,lt,0.21754145608623296,930
591,ku,pt,0.21818584565472518,892
592,te,ar,0.2182840856361171,874
593,mhr,lt,0.21834210496177106,172
594,uz,tt,0.21860683322265245,620
595,is,mn,0.2187156480405264,1221
596,ku,it,0.21873357843074437,827
597,az,mn,0.21886693763836507,1188
598,lv,kn,0.21887604289600804,913
599,sv,cy,0.21890821170434305,1116
600,ps,bg,0.21906370023029895,1057
601,sq,tt,0.21906758726758707,1121
602,ca,ba,0.21934451291206958,963
603,fa,ce,0.21966297824709302,620
604,ps,ro,0.21981959234894935,1115
605,bg,br,0.21995827603261156,938
606,ru,br,0.22005828538898975,832
607,tt,mn,0.22009407701526504,1223
608,ps,ru,0.22046165875833798,939
609,hu,ce,0.22055044615503358,814
610,mhr,sk,0.22074362549707194,170
611,lt,sah,0.22078119710367883,1040
612,br,ro,0.2209188315445755,986
613,ku,sk,0.2210379728904241,861
614,ps,pl,0.2210460908032856,981
615,mhr,ka,0.22146563956479737,175
616,no,ba,0.2216784322584196,980
617,ku,tr,0.22182485424643442,898
618,ba,ml,0.22188084784449408,842
619,is,kk,0.22199768664417802,1201
620,ps,nl,0.22212832387121767,1056
621,ca,he,0.22218025777392783,1019
622,pt,ce,0.22221883978941098,766
623,da,te,0.22274252830726807,816
624,bn,te,0.22283624099549307,651
625,cy,ja,0.22293465609154545,879
626,lv,mn,0.22319367056410377,946
627,os,cs,0.22323686525016168,738
628,hi,la,0.22328426613346006,1251
629,fi,ku,0.22333557616675376,882
630,hu,cy,0.22347233855180965,1226
631,bn,he,0.2235057683659672,763
632,is,az,0.22372771795027288,1062
633,mhr,pl,0.2237335391731671,165
634,cy,ro,0.22387158566512924,1208
635,cy,tr,0.2238914410841105,1159
636,tt,eu,0.224132407215194,1148
637,nl,cy,0.2242594412668766,1139
638,tr,ce,0.22436646946666808,761
639,tt,ta,0.22490186541918028,822
640,mhr,bg,0.22508166441627342,177
641,lv,ba,0.2252925747930093,886
642,uz,kk,0.22545256869010855,685
643,hr,uz,0.22546361144741556,698
644,hi,os,0.22556007425755992,902
645,lv,te,0.22561298884421407,851
646,hi,ga,0.2259140637557276,1346
647,da,ba,0.22626886153395723,956
648,en,ba,0.2265299531384317,901
649,hi,sah,0.2267595163985226,1105
650,hu,br,0.22715175183765837,987
651,fi,br,0.22737821272867825,957
652,mhr,be,0.22752104018405245,164
653,mhr,ro,0.22771160155179226,179
654,mhr,no,0.2278477612803214,159
655,ps,sk,0.22785359878512038,1050
656,be,tt,0.2278727969058514,1086
657,fi,ps,0.22842400206981506,1069
658,bg,cy,0.22856837144747555,1145
659,ro,ce,0.22873156635291103,788
660,be,kk,0.22875775580374466,1189
661,en,te,0.22876394005905407,768
662,ba,ka,0.22880158046358431,1039
663,ku,cs,0.22899413894719195,827
664,ps,it,0.22912889081972915,992
665,it,ce,0.22950449175110613,708
666,pl,cy,0.22954493413908517,1065
667,az,ba,0.22969019338481586,969
668,pl,ce,0.23018471733446033,693
669,ca,mn,0.23022036308900476,1167
670,fi,cy,0.23023992272952648,1183
671,sk,br,0.2304742108355455,916
672,mn,eu,0.2309025033853149,1281
673,be,az,0.23094783546744607,1036
674,ba,zh,0.23109202117984332,927
675,lt,uz,0.23119855093539984,707
676,ps,lt,0.23154517039106387,1144
677,ru,cy,0.23160625976192165,1027
678,es,ce,0.23164239125620714,750
679,hy,is,0.23166361380275466,1085
680,hr,ba,0.23193924354018225,1103
681,tt,ar,0.23213063943283183,1124
682,hr,te,0.23237420286809024,953
683,kn,ka,0.23277547017329278,961
684,fa,br,0.2328106900429216,783
685,sq,eu,0.23291020829738956,1193
686,nl,uz,0.23312018262553394,671
687,fa,cy,0.23326107171176264,927
688,kk,ba,0.23341074671625306,1117
689,is,eu,0.2337181869032883,1143
690,fi,ce,0.2338282668168638,778
691,ro,uz,0.2340436237278104,716
692,cs,br,0.23408264457828845,874
693,lt,cy,0.23468996924811042,1276
694,hi,ce,0.23484359505580168,842
695,bn,mn,0.23499245905741475,884
696,ca,tt,0.23506476818067426,1058
697,uz,ka,0.23507285264181396,655
698,sq,is,0.2351461769395442,1114
699,mhr,da,0.23531823731071713,157
700,mn,ar,0.23536029812746656,1238
701,bn,tt,0.2355274232017225,804
702,br,pt,0.23555101489738892,979
703,lt,br,0.23564795920863196,1007
704,sk,cy,0.23578175650844216,1128
705,de,br,0.23620212810247287,400
706,ro,te,0.23626590109770443,950
707,az,eu,0.23643602225770938,1093
708,br,it,0.23678987523676023,894
709,ps,cs,0.23698738143328527,1000
710,bn,hy,0.23702811082216965,796
711,bn,kn,0.23713368404342627,701
712,lv,eu,0.23728382794260652,945
713,hr,mn,0.23729886947727039,1340
714,cs,ce,0.23774108145817577,700
715,cy,it,0.2377763890054348,1095
716,mhr,cs,0.2378140935806803,166
717,et,ba,0.23877741040734354,1017
718,sk,ce,0.23877918099730028,743
719,nl,te,0.23931996515412957,925
720,no,mn,0.23938403349273285,1199
721,lt,ce,0.24000502822438366,834
722,et,uz,0.24002967161368552,638
723,mhr,tr,0.24007630674011324,182
724,ar,he,0.24010233142062828,1101
725,lv,tt,0.24019050200461206,955
726,fa,ku,0.24034660087796839,796
727,bg,te,0.2404156845528101,925
728,cy,pt,0.24048917632484212,1223
729,mhr,ja,0.24053853526040014,150
730,be,is,0.2413141580557511,1094
731,mn,ta,0.24146790372676655,924
732,bn,is,0.24162755269618977,810
733,it,uz,0.24167696521799575,631
734,bg,uz,0.24168809732189853,684
735,az,ml,0.24185710339792477,881
736,mn,ka,0.24185985918166444,1292
737,en,cy,0.24231835051122352,984
738,ca,az,0.24251230237873292,999
739,no,tt,0.24261035248854115,1080
740,sv,he,0.2427543823573304,1102
741,hy,be,0.24283240573307846,1073
742,eu,ar,0.24343386898072628,1161
743,ja,te,0.24364321213005452,717
744,sv,ba,0.24375361490313263,1029
745,bn,be,0.24380337956899906,799
746,bg,ba,0.24389027479765657,1068
747,tt,ka,0.24392527433985112,1156
748,br,es,0.24401268606492016,939
749,da,kn,0.24417580826148386,874
750,hi,ku,0.24439489145889545,1043
751,be,eu,0.24454376094368627,1142
752,be,zh,0.2447601894511027,1013
753,mhr,sq,0.24540297414538678,165
754,az,kk,0.24543238022988054,1157
755,az,ar,0.24547350453021485,1064
756,lv,is,0.24548592210623044,964
757,ps,fa,0.24585298869495353,970
758,be,ca,0.24592586930639584,1048
759,is,ar,0.24593369144943472,1123
760,is,ka,0.2459370141183895,1146
761,mn,ml,0.24645166716723385,1031
762,mhr,ru,0.246670155210732,154
763,et,mn,0.2467908040389861,1243
764,uk,uz,0.24737652716576602,612
765,tr,te,0.24750182368086573,926
766,bn,az,0.2480261373523897,779
767,da,tt,0.248030670737361,1054
768,hy,zh,0.24826443828345002,997
769,nl,ba,0.2483287295723239,1074
770,en,tt,0.2483410298633138,988
771,hi,cy,0.24866394697115773,1288
772,ka,eu,0.24885810324481006,1221
773,lv,az,0.24913319470902345,947
774,de,ba,0.2491800084639174,471
775,no,kk,0.24947219294674358,1181
776,pt,ba,0.24958957956102165,1116
777,is,ta,0.25001292688783006,825
778,hi,br,0.2502038553806867,1055
779,sq,ca,0.2505258698048421,1085
780,az,tt,0.2505905039640548,1045
781,hy,da,0.2507571935517998,1027
782,ja,he,0.250766598988819,864
783,da,mn,0.25149610406814826,1160
784,sk,uz,0.2515793521055609,676
785,sk,te,0.25177620563822667,904
786,it,ba,0.25211305248712335,1016
787,is,ca,0.2522918425858415,1071
788,uz,ja,0.25265839097192966,514
789,az,zh,0.25284555242014806,961
790,mn,zh,0.2529666909605909,1126
791,lv,sq,0.25309729553184757,945
792,pl,uz,0.2533178438646271,632
793,be,en,0.2538695847831417,979
794,lv,bn,0.2541196096761243,846
795,fa,uz,0.25495911034855284,627
796,fi,he,0.254961089924091,1158
797,az,ka,0.2552280568556363,1095
798,ro,mn,0.25552287925881717,1360
799,sv,mn,0.2556279211961914,1275
800,hr,is,0.2556294185999941,1207
801,da,kk,0.25609138955426214,1155
802,az,ta,0.2561761361707863,799
803,uk,he,0.2564330612678294,1042
804,fi,uz,0.2564365886339931,674
805,lt,ba,0.25653166949898953,1172
806,mhr,hr,0.25684318923221905,192
807,it,kn,0.25701535255215774,933
808,en,kn,0.25701546167921524,833
809,bg,mn,0.25740231325014823,1302
810,fi,te,0.25757073661515195,929
811,ca,eu,0.2577080897820847,1111
812,ja,kn,0.2580721216303715,757
813,tr,ba,0.25813184949757306,1096
814,en,kk,0.2585656438091962,1071
815,en,mn,0.258578562826419,1105
816,hy,en,0.2588216808390932,970
817,et,tt,0.25933600685234065,1112
818,mhr,ar,0.259445766163837,167
819,uk,te,0.25994029949937986,841
820,sk,he,0.2600143373059735,1117
821,da,eu,0.26003377256204424,1091
822,ro,tt,0.26019252930510195,1222
823,is,ml,0.2603420814521554,926
824,sq,no,0.26060897714518977,1100
825,da,az,0.26067990408908215,986
826,az,uz,0.26091371817091863,616
827,es,uz,0.26101049822634514,653
828,ca,ar,0.26123747019796056,1096
829,sk,kn,0.2616243733170732,968
830,is,zh,0.26174837991065825,1018
831,it,mn,0.26176565117650347,1251
832,mhr,hi,0.2618812823215895,224
833,fi,kn,0.2619816236237298,1004
834,hr,eu,0.2623252515916393,1266
835,lv,ar,0.2624495823511465,957
836,nl,tt,0.2627602805535591,1167
837,be,ka,0.262831182538156,1141
838,et,hy,0.2630869038392184,1099
839,ru,he,0.26346683656524544,1028
840,ca,ta,0.2635517666330902,778
841,pt,tt,0.2637100488670597,1211
842,et,sq,0.263724840238396,1138
843,bn,sq,0.2637311736136948,821
844,uk,kn,0.26378326457279666,895
845,ca,ka,0.26458505611804767,1096
846,uk,ba,0.2647711620276328,984
847,kn,ta,0.2654287079027491,718
848,lt,mn,0.2656693695620619,1439
849,ba,tt,0.26589700989982495,1022
850,hy,ro,0.2661018973427997,1205
851,fa,he,0.2666938104932186,921
852,pl,mn,0.26671643020753183,1209
853,et,is,0.2675509145590576,1131
854,pt,mn,0.26768696711300555,1372
855,is,tr,0.2677005319319822,1194
856,en,eu,0.26779219739118953,1025
857,be,da,0.2693277478819462,1042
858,cs,ba,0.2693611037459011,1007
859,sq,en,0.26942269594954016,1010
860,bn,ca,0.2695841971973342,761
861,bg,is,0.26959722940580405,1194
862,it,kk,0.26968753770785486,1218
863,sq,da,0.2698669427855363,1072
864,lv,zh,0.2701219728312143,995
865,et,az,0.27086471398661705,1066
866,be,sv,0.27103205450349827,1129
867,bg,eu,0.27105336417742515,1231
868,sq,sv,0.2715178368826683,1165
869,hi,mn,0.27164956118898154,1460
870,cs,he,0.2720295090854486,1062
871,no,ka,0.2721380184062652,1134
872,be,ja,0.2723457197657545,881
873,tr,mn,0.2725085178953796,1330
874,lv,no,0.27277376635376815,966
875,uk,mn,0.2729645532036805,1200
876,fa,tt,0.2732311337145428,973
877,be,ro,0.2732806649569174,1203
878,ro,az,0.2733372776821633,1173
879,be,tr,0.27371491123838104,1171
880,hi,te,0.2741259274021396,1039
881,lv,fa,0.2742187276010555,960
882,lv,ka,0.27429725576921327,1000
883,az,ja,0.27447923162201354,849
884,hu,eu,0.27475722083741194,1322
885,fi,tt,0.2748220204729568,1212
886,no,ar,0.2748602421862493,1096
887,en,az,0.27529804865721536,953
888,hi,sq,0.2755148802103133,1340
889,mn,ja,0.2756449601755448,985
890,tt,ja,0.27589051092805905,893
891,hi,tt,0.27613914641818954,1315
892,ar,zh,0.2763422761317957,1045
893,hr,no,0.2763874734202531,1191
894,hr,ca,0.27665033434294684,1164
895,ml,ka,0.2767718249040661,974
896,sk,tt,0.276978279012435,1151
897,sq,tr,0.2770661113649569,1219
898,ka,zh,0.2771612088221859,1063
899,sq,ro,0.2771868228163216,1263
900,lv,ca,0.277220939419682,918
901,bn,no,0.2773809182930649,784
902,be,nl,0.2778048358856293,1179
903,hi,is,0.2779265466080874,1348
904,fa,mn,0.2780175772493459,1096
905,is,pt,0.2780211466080905,1233
906,lv,da,0.2783610931352609,962
907,ca,zh,0.2783735556511845,985
908,tr,uz,0.27871293602348896,691
909,pl,tt,0.27871903168560574,1092
910,es,mn,0.27946100934266843,1312
911,ru,mn,0.27959682120001655,1173
912,ml,ar,0.2796498308356949,932
913,is,no,0.2796946587776599,1112
914,bn,hr,0.27993749246414096,896
915,bn,ka,0.2800995242961517,847
916,lv,ml,0.2801243364241029,906
917,sq,nl,0.2801250295290292,1205
918,uk,tt,0.28014466988264664,1077
919,be,it,0.28032217204663784,1113
920,is,en,0.2803847965940498,1005
921,sq,pt,0.28062688592442986,1247
922,lt,is,0.280651451048825,1310
923,pt,az,0.28079283562830143,1166
924,fi,hy,0.2811341705067852,1178
925,es,kn,0.28163805034288025,978
926,lv,it,0.2820140619686621,906
927,is,nl,0.28204592846455984,1188
928,be,pt,0.28241953933428054,1197
929,hy,sk,0.28250739806120734,1137
930,ja,eu,0.28269022071546746,933
931,fi,eu,0.2828412035758171,1257
932,cs,mn,0.283746778487949,1224
933,hi,uz,0.28389721792290173,806
934,bn,ar,0.2843838699266284,804
935,fi,sq,0.28469467477712007,1214
936,fa,eu,0.28471454328666224,1053
937,pl,eu,0.28506988672304484,1132
938,fa,is,0.2851450545150479,987
939,is,it,0.2851723849099667,1128
940,lv,en,0.2859316118723126,944
941,da,ar,0.28638863311797785,1066
942,fi,is,0.286423155028931,1219
943,et,ca,0.2865581493709776,1079
944,is,da,0.28671808452753705,1082
945,is,sv,0.28742219357050425,1184
946,et,be,0.28750942290273523,1114
947,bn,zh,0.2880033044890134,737
948,uk,is,0.28830981612282275,1081
949,sk,is,0.2889337802558802,1173
950,et,bn,0.288961558383627,815
951,cs,tt,0.2890356074925248,1093
952,bn,sv,0.2903108946420988,823
953,bn,ro,0.29040343985245204,902
954,bn,da,0.2906439285053758,766
955,hr,sv,0.29087334413191174,1260
956,bg,ka,0.29128544022716746,1235
957,no,ro,0.2918894906826081,1214
958,fi,az,0.2919058180639432,1152
959,pt,ka,0.2919558081522497,1264
960,lv,lt,0.2922031399625679,990
961,nl,ka,0.29257150257930675,1235
962,fa,sq,0.29274357865323436,1017
963,it,ka,0.2927811029704784,1164
964,sq,sk,0.29283646563243515,1187
965,et,ml,0.29306898747318794,947
966,hr,ja,0.29310596559336,978
967,hr,ml,0.2931194458047263,1022
968,en,ar,0.29330905187150746,1003
969,cs,eu,0.29338210174528756,1154
970,bn,ta,0.2936407253517537,641
971,pl,is,0.29388545614673556,1101
972,uk,az,0.29559982048176675,1017
973,fa,be,0.29579804717126434,956
974,pl,az,0.2958723674463381,1034
975,hr,tr,0.29587245101354565,1305
976,et,no,0.2963585672509613,1109
977,lv,nl,0.2963807495932257,999
978,sv,ca,0.2964773293669207,1113
979,hy,uk,0.2966989157888459,1056
980,hr,be,0.29688200808912313,1203
981,sq,cs,0.29704500700725234,1129
982,bn,lt,0.29731115255469887,893
983,ca,ro,0.2975367220891718,1205
984,da,ml,0.2979141323937147,882
985,hy,cs,0.29813093518848394,1077
986,hi,ka,0.2983644378501438,1366
987,bg,be,0.299033765951255,1168
988,hi,no,0.299685315932296,1290
989,fi,ar,0.3000894790320931,1233
990,lv,ja,0.30087818744126155,828
991,cs,is,0.3008966489171445,1123
992,cs,az,0.3023919397312228,1050
993,sq,ru,0.30267865542072325,1083
994,ca,ja,0.30271240507364644,874
995,bn,fa,0.30291784231262014,804
996,hi,ro,0.3037153802770918,1491
997,et,hr,0.30392821499344486,1223
998,bn,nl,0.30435498935571875,851
999,lv,sk,0.30443004590471645,976
1000,et,hi,0.3054669502316085,1330
1001,da,ro,0.30604617702854914,1184
1002,et,lv,0.3062020256693367,999
1003,sk,ka,0.30625242716606527,1222
1004,bn,sk,0.3062932257259833,851
1005,lt,ta,0.3064408103952534,953
1006,bn,it,0.3067888479473703,811
1007,nl,ml,0.30739018737769175,986
1008,sv,ro,0.30772327564436697,1285
1009,fi,ca,0.3081188938522386,1159
1010,bn,pt,0.3083809872611374,861
1011,bn,en,0.30900382854510144,717
1012,be,lt,0.30905213984433877,1286
1013,it,ta,0.3099752448441285,841
1014,fi,bn,0.3100477046708438,872
1015,hu,no,0.3102724019087484,1235
1016,fi,lv,0.31159864472990056,1013
1017,bg,zh,0.31176429394641564,1078
1018,bn,ja,0.31196643662414086,668
1019,nl,ro,0.3125533711336601,1342
1020,bn,ru,0.3133129375832197,768
1021,ja,ar,0.31368867875361406,919
1022,bn,uk,0.31441229444269647,779
1023,hi,it,0.31509092852130693,1340
1024,lv,uk,0.31585926293431943,984
1025,hi,sk,0.3163058227181259,1382
1026,no,pt,0.31638563570449746,1195
1027,uk,ta,0.3166315506135562,804
1028,en,ml,0.3166430322191958,830
1029,en,ro,0.31689694392811296,1112
1030,lt,en,0.3181837007049344,1168
1031,fi,ml,0.31926899086941835,1006
1032,uk,zh,0.31939630181593015,1000
1033,pt,zh,0.3194993317260115,1130
1034,no,ja,0.31969555313325926,872
1035,fa,ro,0.32036796534630696,1116
1036,uk,ca,0.32087689919276396,1029
1037,hi,zh,0.32094698341493977,1212
1038,hi,nl,0.3210060950298798,1394
1039,bn,cs,0.32186614498517147,817
1040,sk,zh,0.3220810809673233,1066
1041,bn,hi,0.32213195115053717,1054
1042,no,en,0.32247740793617946,988
1043,bg,da,0.3227692005789775,1132
1044,bg,en,0.3235381562988178,1065
1045,uk,no,0.32401543995460463,1054
1046,cs,ar,0.3241171414725057,1117
1047,lv,cs,0.3241685048069282,986
1048,pt,tr,0.3243014210089583,1321
1049,ja,ta,0.32567590285289316,678
1050,en,ta,0.32600289745072863,748
1051,no,nl,0.32602155195959825,1172
1052,fi,ro,0.32609051748718154,1348
1053,fi,zh,0.3262436492727071,1117
1054,uk,ka,0.32657684200330755,1131
1055,lt,nl,0.3271541319839145,1411
1056,hi,ja,0.3272945372670481,1098
1057,hi,uk,0.3273955258949186,1275
1058,et,fa,0.3277918508608817,978
1059,fa,sv,0.3280131153684969,996
1060,sk,be,0.3284698201260606,1140
1061,fa,ml,0.3292947660730714,842
1062,bg,it,0.3293924784563381,1187
1063,et,ja,0.3297853988384801,899
1064,pl,no,0.3298880098272735,1076
1065,fa,da,0.3299194644510565,916
1066,bg,pt,0.3303240580284617,1306
1067,hr,sk,0.33077531469659965,1323
1068,ja,ml,0.33187608120352985,750
1069,hi,pl,0.3320024960236139,1311
1070,fa,lt,0.3326477819520207,1102
1071,sv,it,0.3337997857046669,1176
1072,hi,cs,0.33527635898890207,1327
1073,en,zh,0.3353381873445852,914
1074,fa,bg,0.33582171499001,1058
1075,ml,ta,0.336964800380369,720
1076,cs,be,0.33751298549155473,1089
1077,sk,tr,0.3378541710774563,1265
1078,sk,en,0.3382734823873456,1049
1079,fi,pt,0.3390538251037811,1344
1080,fi,nl,0.3393148445096306,1298
1081,fa,sk,0.3397638612286716,1050
1082,el,ja,0.33993983189537064,910
1083,bg,ja,0.3413374806460364,936
1084,ca,it,0.3414842013416804,1108
1085,cs,no,0.34181566337345437,1097
1086,tr,az,0.3424336696321387,1166
1087,cs,ro,0.3424854899677046,1271
1088,sv,en,0.34267431296828677,1041
1089,en,fr,0.3427598062507354,1064
1090,nl,ja,0.3443908432566333,955
1091,pt,ja,0.3458641583267462,991
1092,it,ja,0.34629282576579695,908
1093,sk,it,0.3465955672429841,1177
1094,fa,pt,0.3466694785940131,1058
1095,sk,pt,0.34699699898335956,1295
1096,fa,en,0.3497403867027564,858
1097,en,ja,0.35244454614113213,794
1098,fi,lt,0.3528662537141445,1436
1099,hr,ru,0.35305223739003316,1157
1100,uk,it,0.35432864724237984,1088
1101,ru,da,0.35685231863113603,1011
1102,ja,zh,0.3584949539605367,833
1103,cs,da,0.35937869102054254,1069
1104,nl,en,0.3593955472505081,1067
1105,cs,sv,0.3597023995861196,1151
1106,fi,sk,0.36177602073050075,1269
1107,fa,ja,0.363463844678749,790
1108,pl,ja,0.36509587566206425,888
1109,uk,ja,0.37010796162060156,863
1110,ru,it,0.3727846680518838,1075
1111,fi,pl,0.3728183391696425,1193
1112,be,ru,0.3758823956309183,1067
1113,no,sv,0.3928944200046713,1195
1114,uk,be,0.39819689234857775,1087
1115,cs,uk,0.43345856620568524,1079
1116,cs,pl,0.44022985474229126,1131
1117,cs,ru,0.45222241421074755,1059
1118,uk,ru,0.5429292158980676,1044
