,l1,l2,rho
0,ab,ba,0.07191186785335253
1,ab,be,0.10607846253320033
2,ab,bg,0.10662759178958212
3,ab,bn,0.030159384243246535
4,ab,br,0.07973588879686026
5,ab,ca,0.08220547601962659
6,ab,ce,0.06708182609990673
7,ab,cs,0.1252190322439183
8,ab,cy,0.10689719982974501
9,ab,da,0.0874314295731155
10,ab,de,0.10552322693409683
11,ab,el,0.14504456179850037
12,ab,en,0.07460978310112125
13,ab,es,0.09561897885855986
14,ab,eu,0.10398532621946761
15,ab,fi,0.11867241443116384
16,ab,fr,0.13256618059778735
17,ab,ga,0.07639424273669039
18,ab,he,0.07552503486234804
19,ab,hi,0.1332347056742976
20,ab,hr,0.14195094709844844
21,ab,hu,0.10618822205226858
22,ab,hy,0.12719718921776077
23,ab,is,0.10233209010100446
24,ab,it,0.10144972328857671
25,ab,ja,0.01876667768315908
26,ab,ka,0.09210417693179597
27,ab,kk,0.10323119352893811
28,ab,kn,-0.009211256255623215
29,ab,ko,0.044984823934601494
30,ab,la,0.14748503618878803
31,ab,lt,0.1369292370870485
32,ab,lv,0.1458139829880037
33,ab,ml,0.10406220527973405
34,ab,nl,0.10760720718024498
35,ab,no,0.0883305545928669
36,ab,pl,0.14020120179734352
37,ab,pt,0.10531965041146103
38,ab,ro,0.11052652739080504
39,ab,ru,0.13593832399199945
40,ab,sk,0.13962711111622236
41,ab,sq,0.11099513127044343
42,ab,sv,0.12254110692906656
43,ab,ta,0.03616891182286416
44,ab,te,0.04262859606902816
45,ab,tr,0.15802466894701628
46,ab,tt,0.06822793756823672
47,ab,uk,0.13268815092755895
48,av,ba,0.1520463084377858
49,av,be,0.19293646388376304
50,av,bg,0.17755525151079457
51,av,bn,0.12436215651766623
52,av,br,0.1501243799214241
53,av,ca,0.18281858623019143
54,av,ce,0.12412978244288618
55,av,cs,0.2016109325520973
56,av,cv,0.0968695296374401
57,av,cy,0.15058909056470415
58,av,da,0.16844071183682024
59,av,de,0.16996981997474253
60,av,el,0.206359593882424
61,av,en,0.178172358224093
62,av,es,0.20004537917941184
63,av,eu,0.16697771133973455
64,av,fi,0.19010229204151904
65,av,fr,0.18708881470383137
66,av,ga,0.11388934359932872
67,av,he,0.14363828602591738
68,av,hi,0.21034830876628832
69,av,hr,0.20384409986111449
70,av,hu,0.1789338965570936
71,av,hy,0.19691554959063798
72,av,is,0.15970572386807533
73,av,it,0.20061142555834677
74,av,ja,0.10206716363703733
75,av,ka,0.19374880808516293
76,av,kk,0.17262676735123375
77,av,kn,0.10485672600051676
78,av,ko,0.14038981742274254
79,av,la,0.17453335901923323
80,av,lt,0.18767820565949153
81,av,lv,0.1882352611469926
82,av,ml,0.19097654791445376
83,av,nl,0.17062471239686453
84,av,no,0.16322662484393877
85,av,os,0.17935657446268424
86,av,pl,0.1946572597653275
87,av,pt,0.19680959140361545
88,av,ro,0.16813002342220465
89,av,ru,0.195272559854159
90,av,se,0.1877463855020398
91,av,sk,0.18712263079377592
92,av,sq,0.15354805402463767
93,av,sv,0.15879917200464425
94,av,ta,0.11143548565500411
95,av,te,0.1380422551783719
96,av,tr,0.2049095628799386
97,av,tt,0.13997307639815065
98,av,uk,0.1932178488702046
99,ba,be,0.23460262401449813
100,ba,bg,0.22755593708904595
101,ba,bn,0.19277447234438302
102,ba,br,0.1964340256850254
103,ba,ca,0.23790892990094173
104,ba,ce,0.141281862408967
105,ba,cs,0.2469198039988523
106,ba,cv,0.187964679657294
107,ba,cy,0.16665866277876767
108,ba,da,0.224192890657854
109,ba,de,0.23593434961061138
110,ba,el,0.2225832912334129
111,ba,en,0.22835962953645803
112,ba,es,0.2546684710143272
113,ba,eu,0.22651151921386203
114,ba,fi,0.2376485205370071
115,ba,fr,0.24287751234548374
116,ba,ga,0.15263863999163355
117,ba,he,0.17853522156267954
118,ba,hi,0.24661875513774734
119,ba,hr,0.2332452462402987
120,ba,hu,0.24047295597921498
121,ba,hy,0.22461639013441115
122,ba,is,0.17940125727808393
123,ba,it,0.25150971024333885
124,ba,ja,0.1329956950036284
125,ba,ka,0.22154268746241712
126,ba,kk,0.23508919273709922
127,ba,kn,0.19140092930652797
128,ba,ko,0.17342121259705226
129,ba,la,0.15550625270100793
130,ba,lt,0.24907483118682971
131,ba,lv,0.2394804999187667
132,ba,ml,0.20969968039714512
133,ba,nl,0.24443292422621293
134,ba,no,0.21589754301232342
135,ba,os,0.18029576267037545
136,ba,pl,0.23945019764550224
137,ba,pt,0.2406361493533201
138,ba,ro,0.21910553301123428
139,ba,ru,0.24041707792556508
140,ba,se,0.15247288248015498
141,ba,sk,0.23467115256117976
142,ba,sq,0.19211880844744056
143,ba,sv,0.21998151908118638
144,ba,ta,0.19254699418362117
145,ba,te,0.20390190256736868
146,ba,tr,0.2566004337248261
147,ba,tt,0.28468050351078755
148,ba,uk,0.2460016304267319
149,be,bg,0.3155499570012956
150,be,bn,0.2703407128601515
151,be,br,0.23935922353813197
152,be,ca,0.3229937277302831
153,be,ce,0.1595603870018137
154,be,cs,0.3557916747026266
155,be,cv,0.19937553045017806
156,be,cy,0.21455568832880625
157,be,da,0.30164500532303795
158,be,de,0.33455948759472093
159,be,el,0.305626554206072
160,be,en,0.31525177647690017
161,be,es,0.33417404483961083
162,be,eu,0.28359145437068756
163,be,fi,0.31481213199033986
164,be,fr,0.31355793270083027
165,be,ga,0.20438275003128245
166,be,he,0.23212824381083513
167,be,hi,0.28901124238904374
168,be,hr,0.3107125060071634
169,be,hu,0.31817082105315586
170,be,hy,0.2995175073334297
171,be,is,0.22469596000412423
172,be,it,0.32922232101003485
173,be,ja,0.21360016998483683
174,be,ka,0.304030097071857
175,be,kk,0.25780682908817
176,be,kn,0.24785826411541398
177,be,ko,0.2447100040018948
178,be,la,0.19253070238823514
179,be,lt,0.33024655027362626
180,be,lv,0.32255794089361695
181,be,ml,0.2766756399707268
182,be,nl,0.3098944900638255
183,be,no,0.29014039086624926
184,be,os,0.21120513111582492
185,be,pl,0.3711775109717458
186,be,pt,0.31184966317483176
187,be,ro,0.28516995834224473
188,be,ru,0.4132717743926765
189,be,se,0.2004319694324062
190,be,sk,0.3345541347681228
191,be,sq,0.252872976400438
192,be,sv,0.2859252613027345
193,be,ta,0.2641115824528713
194,be,te,0.25837794004384773
195,be,tr,0.30031885190194413
196,be,tt,0.22492691375382481
197,be,uk,0.4277814942640885
198,bg,bn,0.270604787369079
199,bg,br,0.24054401077593948
200,bg,ca,0.3356074521634491
201,bg,ce,0.17189535199838885
202,bg,cs,0.3545215709304971
203,bg,cv,0.18946379919445197
204,bg,cy,0.22372969331645481
205,bg,da,0.3178899466248513
206,bg,de,0.3507238076958188
207,bg,el,0.33799232530763623
208,bg,en,0.3264796045613529
209,bg,es,0.3464923042921324
210,bg,eu,0.28957922137239445
211,bg,fi,0.32235101124729876
212,bg,fr,0.3225158908181256
213,bg,ga,0.20399285912041185
214,bg,he,0.24967290564432384
215,bg,hi,0.2993348583580832
216,bg,hr,0.3191027804833003
217,bg,hu,0.3296154207271171
218,bg,hy,0.29057674258988025
219,bg,is,0.23451074510842884
220,bg,it,0.3355875373734573
221,bg,ja,0.2233139982536863
222,bg,ka,0.2996989628279105
223,bg,kk,0.2633526851489865
224,bg,kn,0.261495142500266
225,bg,ko,0.2576649006534206
226,bg,la,0.21515111006981402
227,bg,lt,0.31420557913124986
228,bg,lv,0.3174717649720275
229,bg,ml,0.2646855555226758
230,bg,nl,0.3182944144180883
231,bg,no,0.30571826870625307
232,bg,os,0.20265424100188717
233,bg,pl,0.352735525643515
234,bg,pt,0.3254972110201946
235,bg,ro,0.29559448523542053
236,bg,ru,0.36345519180791414
237,bg,se,0.18974763695152144
238,bg,sk,0.3156006659204539
239,bg,sq,0.2726206882517506
240,bg,sv,0.2948305145725035
241,bg,ta,0.2748092298681684
242,bg,te,0.279681657780363
243,bg,tr,0.31138554925215933
244,bg,tt,0.23058029213080347
245,bg,uk,0.36214558121506435
246,bn,br,0.21411488990247401
247,bn,ca,0.28537298537065925
248,bn,ce,0.12878223626210875
249,bn,cs,0.3018007355731291
250,bn,cv,0.16544707396383454
251,bn,cy,0.1920162025354336
252,bn,da,0.2762150167143828
253,bn,de,0.3029503437664834
254,bn,el,0.2891191693577638
255,bn,en,0.28869163071986065
256,bn,es,0.30822781872670496
257,bn,eu,0.2740702605503959
258,bn,fi,0.28533874747245397
259,bn,fr,0.2899518527148508
260,bn,ga,0.16919924005586434
261,bn,he,0.21343433028880152
262,bn,hi,0.2969180960915288
263,bn,hr,0.2741609397324355
264,bn,hu,0.29240649072939223
265,bn,hy,0.2530526534145596
266,bn,is,0.19701696203957345
267,bn,it,0.303708970916272
268,bn,ja,0.16965288056232392
269,bn,ka,0.2574909760683156
270,bn,kk,0.23027863040272206
271,bn,kn,0.2462189243009993
272,bn,ko,0.21412143365835418
273,bn,la,0.1855095265580142
274,bn,lt,0.26914354048989214
275,bn,lv,0.2715239274028429
276,bn,ml,0.24278339460639467
277,bn,nl,0.2919144470378496
278,bn,no,0.2654839897969144
279,bn,os,0.15645260268223177
280,bn,pl,0.29732775073601925
281,bn,pt,0.2896570523679214
282,bn,ro,0.2570865392618966
283,bn,ru,0.2922363062810805
284,bn,se,0.146488554175347
285,bn,sk,0.26347517180984753
286,bn,sq,0.22964789290801002
287,bn,sv,0.2622448796132853
288,bn,ta,0.2539349208929582
289,bn,te,0.23505337747158037
290,bn,tr,0.2913549193469286
291,bn,tt,0.19387468572618352
292,bn,uk,0.29801089520917917
293,br,ca,0.26408599496091195
294,br,ce,0.13651024981743554
295,br,cs,0.26149725080350456
296,br,cv,0.15598763535906066
297,br,cy,0.1919142997535709
298,br,da,0.24441507444038735
299,br,de,0.264664522776114
300,br,el,0.24957026617398845
301,br,en,0.24958274888929763
302,br,es,0.2927459879808342
303,br,eu,0.24021816287375186
304,br,fi,0.25329796148072586
305,br,fr,0.2848078680693302
306,br,ga,0.1694765471459546
307,br,he,0.17828066298622464
308,br,hi,0.26100207889890176
309,br,hr,0.23841015763385393
310,br,hu,0.27089171360318237
311,br,hy,0.23188561436573307
312,br,is,0.18467886174931125
313,br,it,0.2805847015914956
314,br,ja,0.16472530133707403
315,br,ka,0.23331644677690627
316,br,kk,0.21346049498643982
317,br,kn,0.18524085329190282
318,br,ko,0.18860336630443647
319,br,la,0.1759121376571424
320,br,lt,0.25899874725985733
321,br,lv,0.263181703028159
322,br,ml,0.21190131161966969
323,br,nl,0.25853617177965393
324,br,no,0.23527399423888692
325,br,os,0.1808468111125663
326,br,pl,0.2661213801087428
327,br,pt,0.2673372384561703
328,br,ro,0.24480216179705958
329,br,ru,0.24552145998796915
330,br,se,0.17513072663520488
331,br,sk,0.2474745665851666
332,br,sq,0.21898099539390986
333,br,sv,0.23465532159008973
334,br,ta,0.21246801423275843
335,br,te,0.20776553851655924
336,br,tr,0.25095394333735266
337,br,tt,0.18337486261547317
338,br,uk,0.2503354022050031
339,ca,ce,0.17696054003944267
340,ca,cs,0.3543126121573328
341,ca,cv,0.18334623678949205
342,ca,cy,0.24503379373088272
343,ca,da,0.3351047903799016
344,ca,de,0.37320526050966835
345,ca,el,0.3361259687211309
346,ca,en,0.35552325257793466
347,ca,es,0.43671715057048865
348,ca,eu,0.31364644227184485
349,ca,fi,0.3268429380248561
350,ca,fr,0.3799964672067545
351,ca,ga,0.21798857764895238
352,ca,he,0.2594471652737507
353,ca,hi,0.3065601290545007
354,ca,hr,0.3098813723249851
355,ca,hu,0.33348738273022166
356,ca,hy,0.3044657294090719
357,ca,is,0.23475011591479428
358,ca,it,0.393814798232592
359,ca,ja,0.2471887860843358
360,ca,ka,0.3050232734976121
361,ca,kk,0.27924598730911854
362,ca,kn,0.26766875731404505
363,ca,ko,0.26137406711799244
364,ca,la,0.22033304272589183
365,ca,lt,0.3340205644716146
366,ca,lv,0.32833603335926465
367,ca,ml,0.2796601915579894
368,ca,nl,0.3403502499085516
369,ca,no,0.32223566437210055
370,ca,os,0.22297617128479846
371,ca,pl,0.3520883229374046
372,ca,pt,0.3738002827056503
373,ca,ro,0.30733746340628576
374,ca,ru,0.3571459579651439
375,ca,se,0.20202971318356153
376,ca,sk,0.31200679800872705
377,ca,sq,0.2721512703117551
378,ca,sv,0.31259476294642424
379,ca,ta,0.2833030250487833
380,ca,te,0.2782276784505305
381,ca,tr,0.3160333914128846
382,ca,tt,0.23398782955936123
383,ca,uk,0.3559637698883376
384,ce,cs,0.18771275450255503
385,ce,cv,0.11640925945256006
386,ce,cy,0.13034455886409962
387,ce,da,0.15604004354302028
388,ce,de,0.16720286709707394
389,ce,el,0.16152851682406477
390,ce,en,0.1540240042521261
391,ce,es,0.18608809550561425
392,ce,eu,0.1829484615546745
393,ce,fi,0.1812378081033166
394,ce,fr,0.18453277962343836
395,ce,ga,0.11034696437508042
396,ce,he,0.12674978742965073
397,ce,hi,0.1924445035999953
398,ce,hr,0.17655820107852976
399,ce,hu,0.18151574385234065
400,ce,hy,0.1616525092488304
401,ce,is,0.12333295605923729
402,ce,it,0.1851739337369023
403,ce,ja,0.09390354384897776
404,ce,ka,0.15717668302788304
405,ce,kk,0.16862703489804406
406,ce,kn,0.11347612980286315
407,ce,ko,0.1243091831885948
408,ce,la,0.1217000266761365
409,ce,lt,0.18654011696111503
410,ce,lv,0.17761666015082578
411,ce,ml,0.14842791866148058
412,ce,nl,0.17862002690242637
413,ce,no,0.15507449926166272
414,ce,os,0.1070596202793264
415,ce,pl,0.16945339449169688
416,ce,pt,0.18430583562278335
417,ce,ro,0.1704486450371809
418,ce,ru,0.1684793720051424
419,ce,se,0.14152979542181676
420,ce,sk,0.1802593422961551
421,ce,sq,0.1405796813716268
422,ce,sv,0.15990889739896888
423,ce,ta,0.12141642007168799
424,ce,te,0.1354405916374086
425,ce,tr,0.1756524727160904
426,ce,tt,0.12391439743227863
427,ce,uk,0.17487111182345963
428,cs,cv,0.188576464448743
429,cs,cy,0.23775527305853966
430,cs,da,0.3511253133138296
431,cs,de,0.4040474295493699
432,cs,el,0.35591448057949715
433,cs,en,0.3549246445747862
434,cs,es,0.3759612546259424
435,cs,eu,0.31275924204049055
436,cs,fi,0.3588468629681874
437,cs,fr,0.3565950647887768
438,cs,ga,0.22500579344730345
439,cs,he,0.26854841615630104
440,cs,hi,0.3186918702144041
441,cs,hr,0.3419431667102296
442,cs,hu,0.3609168320738109
443,cs,hy,0.3144624208344238
444,cs,is,0.25039884189624023
445,cs,it,0.37201232171939563
446,cs,ja,0.24728171374390953
447,cs,ka,0.3260023234362158
448,cs,kk,0.2802304391995378
449,cs,kn,0.2845024641121037
450,cs,ko,0.27954979748907316
451,cs,la,0.22603801511939348
452,cs,lt,0.34733406023285796
453,cs,lv,0.3443675197645643
454,cs,ml,0.299936362070349
455,cs,nl,0.35014369707758564
456,cs,no,0.3439657363782049
457,cs,os,0.22605209732672274
458,cs,pl,0.406737952446144
459,cs,pt,0.35197998103985023
460,cs,ro,0.3138090643878471
461,cs,ru,0.4086578687467894
462,cs,se,0.2069174772095248
463,cs,sk,0.4012358846181601
464,cs,sq,0.28100124289103073
465,cs,sv,0.32927244424613705
466,cs,ta,0.29982848068349593
467,cs,te,0.2895677726929147
468,cs,tr,0.3359924271586931
469,cs,tt,0.2481903702540772
470,cs,uk,0.40284876418914445
471,cv,cy,0.14403681188638007
472,cv,da,0.17138321766548403
473,cv,de,0.1810905718815204
474,cv,el,0.17214613405620668
475,cv,en,0.15940150913115814
476,cv,es,0.212012846020621
477,cv,eu,0.21634715758075765
478,cv,fi,0.1968038949902057
479,cv,fr,0.20242292302151152
480,cv,ga,0.13277237000930697
481,cv,he,0.14940677939526692
482,cv,hi,0.2214104419235587
483,cv,hr,0.19048480956460728
484,cv,hu,0.21559495604521908
485,cv,hy,0.18290109197195353
486,cv,is,0.1774687045569652
487,cv,it,0.1923249153297027
488,cv,ja,0.10305467187996384
489,cv,ka,0.1826135789414285
490,cv,kk,0.16899648047383928
491,cv,kn,0.12339979997354593
492,cv,ko,0.11082454972466192
493,cv,la,0.1386886587325916
494,cv,lt,0.2042202356452196
495,cv,lv,0.19337457115965034
496,cv,ml,0.15530596574134473
497,cv,nl,0.19871652560681632
498,cv,no,0.1775817376101275
499,cv,os,0.17036883822178914
500,cv,pl,0.19404942900307706
501,cv,pt,0.19705813991934956
502,cv,ro,0.18467175367122826
503,cv,ru,0.18474520867293276
504,cv,se,0.11599107524768763
505,cv,sk,0.20530820900511212
506,cv,sq,0.1667834061158857
507,cv,sv,0.1662821025226481
508,cv,ta,0.13937508530022485
509,cv,te,0.14859775416187945
510,cv,tr,0.20122450323326196
511,cv,tt,0.17141374805449122
512,cv,uk,0.19066116679563128
513,cy,da,0.2193941412383098
514,cy,de,0.2340560860168271
515,cy,el,0.22290359860420217
516,cy,en,0.2330313656539497
517,cy,es,0.2533250437393307
518,cy,eu,0.23122210788164363
519,cy,fi,0.22687334420997465
520,cy,fr,0.24236133958930114
521,cy,ga,0.16937298482543586
522,cy,he,0.17483356012279544
523,cy,hi,0.23264306814631805
524,cy,hr,0.22087117575824985
525,cy,hu,0.2412725611154389
526,cy,hy,0.21345350461724338
527,cy,is,0.16986131858661713
528,cy,it,0.25108451441113333
529,cy,ja,0.16190749022345877
530,cy,ka,0.22085245608785176
531,cy,kk,0.20007238745359426
532,cy,kn,0.17609693270174062
533,cy,ko,0.172948334369381
534,cy,la,0.14980013387604435
535,cy,lt,0.23881170962411133
536,cy,lv,0.23687644998767238
537,cy,ml,0.2021777920586461
538,cy,nl,0.23520357280617055
539,cy,no,0.21721371893335797
540,cy,os,0.15515093852404152
541,cy,pl,0.23444653056251713
542,cy,pt,0.24554903453830101
543,cy,ro,0.21642681904531122
544,cy,ru,0.21890302444020493
545,cy,se,0.15186107337984836
546,cy,sk,0.224651784863591
547,cy,sq,0.1863575196666837
548,cy,sv,0.20846869755847613
549,cy,ta,0.19478242932246984
550,cy,te,0.19510179028050123
551,cy,tr,0.22802064861526566
552,cy,tt,0.16042169363365938
553,cy,uk,0.2267468578219879
554,da,de,0.39320177693172537
555,da,el,0.3132514887642091
556,da,en,0.35012297825227884
557,da,es,0.3529948051846935
558,da,eu,0.29529494261846256
559,da,fi,0.3236160064308366
560,da,fr,0.3320128547575548
561,da,ga,0.19750885447969055
562,da,he,0.24010508560985616
563,da,hi,0.29895665312921255
564,da,hr,0.2936097394159554
565,da,hu,0.32913998500089553
566,da,hy,0.2822647367897762
567,da,is,0.23987350358603635
568,da,it,0.3469849436919457
569,da,ja,0.22921664189820745
570,da,ka,0.2944268844055192
571,da,kk,0.2536442352948685
572,da,kn,0.25975029505723657
573,da,ko,0.25294103720075245
574,da,la,0.19803047798571016
575,da,lt,0.3116440911637826
576,da,lv,0.3144045263192994
577,da,ml,0.26643908202211286
578,da,nl,0.3553364637121229
579,da,no,0.43688427632418
580,da,os,0.1756594205717919
581,da,pl,0.3382176080173089
582,da,pt,0.33156079605364625
583,da,ro,0.2906712156705873
584,da,ru,0.33965728336523743
585,da,se,0.16233568841945337
586,da,sk,0.3075476718469454
587,da,sq,0.2541278256063883
588,da,sv,0.35847701230812
589,da,ta,0.27919491196742946
590,da,te,0.2644674289038104
591,da,tr,0.3041351822239958
592,da,tt,0.215013250254718
593,da,uk,0.3375466026429006
594,de,el,0.3616962887773609
595,de,en,0.4006111381283102
596,de,es,0.39798519270737603
597,de,eu,0.31051752116731945
598,de,fi,0.36061184292872983
599,de,fr,0.38064039122038973
600,de,ga,0.212178528198378
601,de,he,0.2654681191445417
602,de,hi,0.3249519132200204
603,de,hr,0.33087070502202787
604,de,hu,0.37205953662039837
605,de,hy,0.31418840487500027
606,de,is,0.24774863710957146
607,de,it,0.3883492844274607
608,de,ja,0.2540796784076945
609,de,ka,0.3109904679810489
610,de,kk,0.28469947383701594
611,de,kn,0.28057244718525604
612,de,ko,0.26468023857019446
613,de,la,0.2077221636114808
614,de,lt,0.34431087837098445
615,de,lv,0.34518572215393584
616,de,ml,0.2847171915558762
617,de,nl,0.4181992207842126
618,de,no,0.38030778741730603
619,de,os,0.190832879310304
620,de,pl,0.3959555284334375
621,de,pt,0.37014982471314833
622,de,ro,0.3272814173960683
623,de,ru,0.392506218983654
624,de,se,0.1848640220733761
625,de,sk,0.34857076981094076
626,de,sq,0.2740262510376568
627,de,sv,0.35894727068956095
628,de,ta,0.2935915441388231
629,de,te,0.2835289455638296
630,de,tr,0.3415444672144222
631,de,tt,0.24084975159701016
632,de,uk,0.3874110471406155
633,el,en,0.33480107994743386
634,el,es,0.3579541584932005
635,el,eu,0.2879421164154653
636,el,fi,0.3243110319179329
637,el,fr,0.3351976714342434
638,el,ga,0.20760825402012617
639,el,he,0.2534858957859544
640,el,hi,0.30157718737526235
641,el,hr,0.31295080721557494
642,el,hu,0.33524108775175565
643,el,hy,0.2898568217118899
644,el,is,0.23318723679427822
645,el,it,0.3414418010747524
646,el,ja,0.23110833112849646
647,el,ka,0.2920331341970667
648,el,kk,0.26119841627129287
649,el,kn,0.26262290737538574
650,el,ko,0.2644672586225226
651,el,la,0.20552385098978132
652,el,lt,0.31819228487073986
653,el,lv,0.3154434948718927
654,el,ml,0.2792242188481305
655,el,nl,0.32155629881710424
656,el,no,0.3128305036847194
657,el,os,0.20627876622313573
658,el,pl,0.34775565957926907
659,el,pt,0.3350800255177765
660,el,ro,0.29751235447261215
661,el,ru,0.35026648027399304
662,el,se,0.2101071390129936
663,el,sk,0.30731142275675394
664,el,sq,0.27848327938123557
665,el,sv,0.3012746382294347
666,el,ta,0.28684553118041256
667,el,te,0.28139070615534595
668,el,tr,0.3145527977762994
669,el,tt,0.22201033493217537
670,el,uk,0.3452534296597171
671,en,es,0.3884201549539461
672,en,eu,0.3032008262694767
673,en,fi,0.3385177349224687
674,en,fr,0.3622823167477794
675,en,ga,0.20650206943218538
676,en,he,0.2523501745486087
677,en,hi,0.31101126679012
678,en,hr,0.2982287166462158
679,en,hu,0.34086433478448763
680,en,hy,0.2991801293167962
681,en,is,0.2335771394954832
682,en,ja,0.23582522741504758
683,en,ka,0.3016714589505402
684,en,kk,0.27140150359406223
685,en,kn,0.2806207798595576
686,en,ko,0.25522297176816533
687,en,la,0.19560293447544433
688,en,lv,0.31966164813053866
689,en,ml,0.28066400170298345
690,en,nl,0.3628213246419661
691,en,no,0.3432028052622043
692,en,os,0.18180574289850593
693,en,pl,0.34883865242322426
694,en,pt,0.3620634449880089
695,en,ro,0.3071685515084136
696,en,ru,0.35664722384301184
697,en,se,0.17081882818497432
698,en,sk,0.3134041093377349
699,en,sq,0.2633546775260859
700,en,sv,0.3259603572828278
701,en,ta,0.2984651144887516
702,en,tr,0.33328619541034865
703,en,tt,0.22687105092613974
704,en,uk,0.34709787747839854
705,es,eu,0.32536774722665424
706,es,fi,0.3583134595589277
707,es,fr,0.39546318687709764
708,es,ga,0.23179513303454208
709,es,he,0.27412069247104043
710,es,hi,0.31940596860093845
711,es,hr,0.3219674018686519
712,es,hu,0.36049194868923506
713,es,hy,0.3156010994624521
714,es,is,0.25804079551600245
715,es,it,0.40402349371238955
716,es,ja,0.2771174617271886
717,es,ka,0.3137869287604229
718,es,kk,0.2944486442355316
719,es,kn,0.29675256692918556
720,es,ko,0.2809345111698461
721,es,lt,0.3405263298766889
722,es,lv,0.345440585322939
723,es,ml,0.3004267859348783
724,es,nl,0.3591587474599462
725,es,no,0.3406835442892797
726,es,os,0.23136565231193165
727,es,pl,0.37218026225824563
728,es,ro,0.33101346033865153
729,es,ru,0.3833718105908092
730,es,se,0.20807007608715172
731,es,sk,0.33161295827107373
732,es,sq,0.2895362935554404
733,es,sv,0.32749219526140955
734,es,ta,0.31792207480091006
735,es,te,0.3096491713828797
736,es,tr,0.3426170331443062
737,es,tt,0.25959993108748863
738,es,uk,0.3766488286704494
739,eu,fi,0.29715863294640127
740,eu,fr,0.30000251922543597
741,eu,ga,0.2101056231343466
742,eu,he,0.2257575976646773
743,eu,hi,0.2864301321379133
744,eu,hr,0.2829780211254731
745,eu,hu,0.30444463188434223
746,eu,hy,0.27277996806812627
747,eu,is,0.2166053307496517
748,eu,it,0.30948685084520977
749,eu,ja,0.20215626404024242
750,eu,ka,0.27413216507802474
751,eu,kk,0.2507249975683394
752,eu,kn,0.25841452499701006
753,eu,ko,0.24867321529983305
754,eu,la,0.2054462928609252
755,eu,lt,0.2856906304312997
756,eu,lv,0.291844968181858
757,eu,ml,0.2647122742416145
758,eu,nl,0.29800010660237564
759,eu,no,0.28521629019493383
760,eu,os,0.20038358939482148
761,eu,pl,0.30328557736857875
762,eu,pt,0.30053070628132167
763,eu,ro,0.2781868815069157
764,eu,ru,0.2972754969516257
765,eu,se,0.18535750738497836
766,eu,sk,0.28678074577661283
767,eu,sq,0.2545236608558945
768,eu,sv,0.27748447427765216
769,eu,ta,0.2598357744186117
770,eu,te,0.2525951846792733
771,eu,tr,0.2966875710888858
772,eu,tt,0.22056958875932253
773,eu,uk,0.30471594619076264
774,fi,fr,0.32830037473861284
775,fi,ga,0.20989541613797222
776,fi,he,0.2542030863891542
777,fi,hi,0.30268691704605494
778,fi,hr,0.3113288540220425
779,fi,hu,0.33958637450306
780,fi,hy,0.28825105532188744
781,fi,is,0.2351409352160219
782,fi,it,0.3396629577524774
783,fi,ja,0.22970168076651318
784,fi,ka,0.3045891584850925
785,fi,kk,0.2654392865034077
786,fi,kn,0.26965719374157265
787,fi,ko,0.25755448205636017
788,fi,la,0.21199903432468176
789,fi,lt,0.32375811514689407
790,fi,lv,0.33095693893380923
791,fi,ml,0.2762087441342961
792,fi,nl,0.33212240325625914
793,fi,no,0.32490687441312793
794,fi,os,0.21136490777741704
795,fi,pl,0.34289536513171776
796,fi,pt,0.3271506576342503
797,fi,ro,0.28932568352931914
798,fi,ru,0.35167833177836055
799,fi,se,0.20473810605183523
800,fi,sk,0.31518731982423687
801,fi,sq,0.26036148303453843
802,fi,sv,0.30691686361346776
803,fi,ta,0.2916892144807892
804,fi,te,0.2847055195406608
805,fi,tr,0.31161146396472056
806,fi,tt,0.23853237888801568
807,fi,uk,0.35028532814440144
808,fr,ga,0.2206912817673114
809,fr,he,0.2621026306848715
810,fr,hi,0.30353896267060027
811,fr,hr,0.308600630191205
812,fr,hu,0.34102430175971543
813,fr,hy,0.30233851888937985
814,fr,is,0.24181631991065025
815,fr,it,0.3911988051225353
816,fr,ja,0.2513928185697964
817,fr,ka,0.3021437537325702
818,fr,kk,0.27278432768608396
819,fr,kn,0.2819955606211893
820,fr,ko,0.266690156217066
821,fr,la,0.2222891161714826
822,fr,lt,0.3221380890045785
823,fr,lv,0.3234450663250319
824,fr,ml,0.28232517856167844
825,fr,nl,0.34117850539703454
826,fr,no,0.3206124868199877
827,fr,os,0.22872196679443088
828,fr,pl,0.3562512074540623
829,fr,pt,0.37315516619420064
830,fr,ro,0.3125027658857125
831,fr,ru,0.357012036036621
832,fr,se,0.20598510472452794
833,fr,sk,0.32005994265788645
834,fr,sq,0.2803751837252095
835,fr,sv,0.3120168183424864
836,fr,ta,0.29097140764370416
837,fr,te,0.2932801478403724
838,fr,tr,0.31675025387408634
839,fr,tt,0.24181193087097494
840,fr,uk,0.3490768895712143
841,ga,he,0.153555292443305
842,ga,hi,0.2204637902221126
843,ga,hr,0.2103186938009457
844,ga,hu,0.2299557759752571
845,ga,hy,0.19018243265926352
846,ga,is,0.15240243382258475
847,ga,it,0.22794157935182865
848,ga,ja,0.12799279757379087
849,ga,ka,0.18914113008107267
850,ga,kk,0.17839200924397566
851,ga,kn,0.165360278251432
852,ga,ko,0.16079343584631978
853,ga,la,0.14952848239563124
854,ga,lt,0.22196473441538128
855,ga,lv,0.21197797709987712
856,ga,ml,0.18192325131424966
857,ga,nl,0.21275515241919898
858,ga,no,0.19487445373591064
859,ga,os,0.16110017067364002
860,ga,pl,0.21847131727250715
861,ga,pt,0.21651658867110504
862,ga,ro,0.19322647466840265
863,ga,ru,0.20750282246557794
864,ga,se,0.13973382527638126
865,ga,sk,0.20602301329438152
866,ga,sq,0.16902807035444595
867,ga,sv,0.20539359078573405
868,ga,ta,0.16455367742250934
869,ga,te,0.17442238263742826
870,ga,tr,0.21437253524005698
871,ga,tt,0.15205027799904158
872,ga,uk,0.21434563519550337
873,he,hi,0.24861238483628353
874,he,hr,0.23944775714398275
875,he,hu,0.2683696129870189
876,he,hy,0.22173609082640586
877,he,is,0.171515196443958
878,he,it,0.26377881784564566
879,he,ja,0.17341132047615063
880,he,ka,0.23089937545627193
881,he,kk,0.21317515559024225
882,he,kn,0.1971940608791291
883,he,ko,0.18790610228477536
884,he,la,0.15578169854150378
885,he,lt,0.25430656498198956
886,he,lv,0.246328884659815
887,he,ml,0.19729599811467843
888,he,nl,0.25578184531727877
889,he,no,0.23698481479398736
890,he,os,0.13826135079661508
891,he,pl,0.25509165276431833
892,he,pt,0.26324836492473286
893,he,ro,0.22994958912388364
894,he,ru,0.26241310926889283
895,he,se,0.13723313871352297
896,he,sk,0.24808703142085936
897,he,sq,0.20105414817996678
898,he,sv,0.2302100930475492
899,he,ta,0.2103624401127811
900,he,te,0.19029056071507744
901,he,tr,0.2521048746588006
902,he,tt,0.16791205043018384
903,he,uk,0.2572785478084952
904,hi,hr,0.28496041399535066
905,hi,hu,0.305874242902306
906,hi,hy,0.2891955043586633
907,hi,is,0.24263178566967558
908,hi,it,0.310643008946813
909,hi,ja,0.2272753826058005
910,hi,ka,0.2910522373091025
911,hi,kk,0.26418128398307494
912,hi,kn,0.2769987546912961
913,hi,ko,0.2649596148588841
914,hi,la,0.2238184281041863
915,hi,lt,0.2948115391293135
916,hi,lv,0.29654864445032914
917,hi,ml,0.28615257920198023
918,hi,nl,0.3038294545785562
919,hi,no,0.29126352783143705
920,hi,os,0.2377879020047556
921,hi,pl,0.30764222128754315
922,hi,pt,0.30100212750237415
923,hi,ro,0.271799271494435
924,hi,ru,0.3171725793343663
925,hi,se,0.23405848759935732
926,hi,sk,0.2848267468308499
927,hi,sl,0.22309716101649454
928,hi,sq,0.26151785321870424
929,hi,sv,0.2854051143961808
930,hi,ta,0.2870023374051794
931,hi,te,0.2832632445117502
932,hi,tr,0.30241671474265563
933,hi,tt,0.24748268649671779
934,hi,uk,0.31460329823612077
935,hr,hu,0.3135826850579478
936,hr,hy,0.2825413107969726
937,hr,is,0.2292174733986799
938,hr,it,0.3208970587060481
939,hr,ja,0.21629158842189852
940,hr,ka,0.2870153781663915
941,hr,kk,0.25928471127426056
942,hr,kn,0.25776862962556074
943,hr,ko,0.24050947820851926
944,hr,la,0.20932270279976467
945,hr,lt,0.30328185581231126
946,hr,lv,0.31520532511419636
947,hr,ml,0.2631997910335238
948,hr,nl,0.3027228384170722
949,hr,no,0.29224341573550394
950,hr,os,0.21207445785182855
951,hr,pl,0.3328716612978483
952,hr,pt,0.3053085523985567
953,hr,ro,0.27627726378383366
954,hr,ru,0.3485305710295474
955,hr,se,0.21761668026902323
956,hr,sk,0.3129897144210653
957,hr,sq,0.26618335038985397
958,hr,sv,0.275373853221658
959,hr,ta,0.2718013949567322
960,hr,te,0.26884808786095
961,hr,tr,0.29211593227676896
962,hr,tt,0.2300450915125214
963,hr,uk,0.34784150020784066
964,hu,hy,0.3025249001664547
965,hu,is,0.24137723125359908
966,hu,it,0.34898889198849725
967,hu,ja,0.23865414491576287
968,hu,ka,0.3066954627654957
969,hu,kk,0.2765416037604594
970,hu,kn,0.2844726636552497
971,hu,ko,0.25704908967278617
972,hu,la,0.22052624869158843
973,hu,lt,0.32397765068984796
974,hu,lv,0.3322930237721079
975,hu,ml,0.27849229961932775
976,hu,nl,0.3369967852801494
977,hu,no,0.32798798953422326
978,hu,os,0.20123911459857385
979,hu,pl,0.3528656686020843
980,hu,pt,0.3405072084190597
981,hu,ro,0.3085916179720095
982,hu,ru,0.3528389338353114
983,hu,se,0.19278493230609095
984,hu,sk,0.32566464053826544
985,hu,sq,0.2761333765285546
986,hu,sv,0.31320419698295304
987,hu,ta,0.29404647522109945
988,hu,te,0.2770500716388624
989,hu,tr,0.3242300780551895
990,hu,tt,0.24621779674512945
991,hu,uk,0.3499841169298215
992,hy,is,0.21929663386338108
993,hy,it,0.3165125473099541
994,hy,ja,0.20075949709472143
995,hy,ka,0.2790129907453378
996,hy,kk,0.2520133691942973
997,hy,kn,0.24354776696273892
998,hy,ko,0.23809902254856366
999,hy,la,0.19029396396560772
1000,hy,lt,0.29918243002464023
1001,hy,lv,0.2990195162947519
1002,hy,ml,0.2639814452391364
1003,hy,nl,0.292719917274831
1004,hy,no,0.27672787761620166
1005,hy,os,0.20339581120160513
1006,hy,pl,0.31312947543514846
1007,hy,pt,0.3006124874066094
1008,hy,ro,0.2748417731696635
1009,hy,ru,0.3142529713857369
1010,hy,se,0.19782321610921333
1011,hy,sk,0.29000508360858324
1012,hy,sq,0.2463902571689968
1013,hy,sv,0.2722557879239111
1014,hy,ta,0.23907435994043041
1015,hy,te,0.2541153521048565
1016,hy,tr,0.2948533514997339
1017,hy,tt,0.22179905226252522
1018,hy,uk,0.31619349669812946
1019,is,it,0.2510180721020927
1020,is,ja,0.15634938414359228
1021,is,ka,0.2176935130379192
1022,is,kk,0.18901525928775717
1023,is,kn,0.18755906234384756
1024,is,ko,0.18167214155514055
1025,is,la,0.1583114990330025
1026,is,lt,0.2355035962636405
1027,is,lv,0.24574025623118043
1028,is,ml,0.21331100434706213
1029,is,nl,0.24537016339398146
1030,is,no,0.2351739121128504
1031,is,os,0.17433492725159036
1032,is,pl,0.23517530396594516
1033,is,pt,0.23886827601451824
1034,is,ro,0.2222845695176815
1035,is,ru,0.23312251515520166
1036,is,se,0.16891157869777473
1037,is,sk,0.24075801251479811
1038,is,sq,0.1943055746047705
1039,is,sv,0.22770277059523286
1040,is,ta,0.1984745031463054
1041,is,te,0.2071402645081649
1042,is,tr,0.2290668640823785
1043,is,tt,0.1702320145171662
1044,is,uk,0.24029159700820332
1045,it,ja,0.26009788919203464
1046,it,ka,0.3116707307651577
1047,it,kk,0.28318692446263927
1048,it,kn,0.2846279884701478
1049,it,ko,0.2771479883314195
1050,it,la,0.22554659524017287
1051,it,lt,0.33112136358355554
1052,it,lv,0.3336930882807149
1053,it,ml,0.2930370405588688
1054,it,nl,0.3491631001917005
1055,it,no,0.3374758037622793
1056,it,os,0.223582505804265
1057,it,pl,0.3566525784845188
1058,it,pt,0.3791629509728424
1059,it,ro,0.3157005890795194
1060,it,ru,0.3656036822272116
1061,it,se,0.21059044145078
1062,it,sk,0.3291939590815759
1063,it,sq,0.28177462979652645
1064,it,sv,0.31907756531765213
1065,it,ta,0.29886456117805127
1066,it,te,0.2971809315149004
1067,it,tr,0.3292440742145454
1068,it,tt,0.24492367311054908
1069,it,uk,0.36305570684628546
1070,ja,ka,0.19370695433243812
1071,ja,kk,0.18800677387320114
1072,ja,kn,0.14735828612646235
1073,ja,ko,0.1839153870273829
1074,ja,la,0.14861023740631107
1075,ja,lt,0.2289795189118423
1076,ja,lv,0.20906718578832856
1077,ja,ml,0.17978700427185437
1078,ja,nl,0.23703428489398984
1079,ja,no,0.2288838412004794
1080,ja,os,0.12546248418762912
1081,ja,pl,0.2337323613439604
1082,ja,pt,0.25181042605696424
1083,ja,ro,0.21286352712479506
1084,ja,ru,0.24461875362392477
1085,ja,se,0.1035373632093799
1086,ja,sk,0.21053126921349488
1087,ja,sq,0.18204157840322874
1088,ja,sv,0.21512466305110486
1089,ja,ta,0.18175539177290648
1090,ja,te,0.1615946961709789
1091,ja,tr,0.22371002410828364
1092,ja,tt,0.15327534123596934
1093,ja,uk,0.24093412840672176
1094,ka,kk,0.24768500293557627
1095,ka,kn,0.24231747492579303
1096,ka,ko,0.23593399502602144
1097,ka,la,0.2035268502664506
1098,ka,lt,0.29339267253353396
1099,ka,lv,0.2887694728738451
1100,ka,ml,0.2635198202751596
1101,ka,nl,0.29524576181769835
1102,ka,no,0.2858090556043771
1103,ka,os,0.20850165402303636
1104,ka,pl,0.31253918202959574
1105,ka,pt,0.2988737106532912
1106,ka,ro,0.2811430154756976
1107,ka,ru,0.3201263402931102
1108,ka,se,0.20636838392624618
1109,ka,sk,0.293278472238878
1110,ka,sq,0.2501897328704859
1111,ka,sv,0.2721672390259373
1112,ka,ta,0.2572094112443326
1113,ka,te,0.25871363790425533
1114,ka,tr,0.29605740714546164
1115,ka,tt,0.21533270031236176
1116,ka,uk,0.3233035105088565
1117,kk,kn,0.22895283389141055
1118,kk,ko,0.21856641962640713
1119,kk,la,0.1764362598941513
1120,kk,lt,0.27302522339837415
1121,kk,lv,0.2695284994163397
1122,kk,ml,0.23068537109429726
1123,kk,nl,0.2729182119709559
1124,kk,no,0.2501568308114395
1125,kk,os,0.20208014569371283
1126,kk,pl,0.26932006711483214
1127,kk,pt,0.27900515649117313
1128,kk,ro,0.24711374574286374
1129,kk,ru,0.283820502594831
1130,kk,se,0.17671872328798752
1131,kk,sk,0.25580583985182315
1132,kk,sq,0.21889571391921303
1133,kk,sv,0.25150527372454456
1134,kk,ta,0.2343547992149073
1135,kk,te,0.23843383591204229
1136,kk,tr,0.2705386187936073
1137,kk,tt,0.23538168614872682
1138,kk,uk,0.2840556276589991
1139,kn,ko,0.19429345928133035
1140,kn,la,0.1672052593056835
1141,kn,lt,0.2760048636427704
1142,kn,lv,0.25621467143344423
1143,kn,ml,0.24912083154064246
1144,kn,nl,0.26917757103683165
1145,kn,no,0.25198469416269065
1146,kn,os,0.1348446499116165
1147,kn,pl,0.27420827104413753
1148,kn,pt,0.28164068846671375
1149,kn,ro,0.24522612928218696
1150,kn,ru,0.26512480941558614
1151,kn,se,0.09956387296797439
1152,kn,sk,0.2561146270853501
1153,kn,sq,0.2183940093369091
1154,kn,sv,0.2560571311045373
1155,kn,ta,0.26718437104128984
1156,kn,te,0.25729507287932524
1157,kn,tr,0.2787703758558804
1158,kn,tt,0.19001686700736356
1159,kn,uk,0.2809719998260099
1160,ko,la,0.15419490339247433
1161,ko,lt,0.2648708313756553
1162,ko,lv,0.24381765019476923
1163,ko,ml,0.23586379500950255
1164,ko,nl,0.2562958866519679
1165,ko,no,0.2471182058788244
1166,ko,os,0.1465314653711298
1167,ko,pl,0.26916295840081483
1168,ko,pt,0.26828179075210284
1169,ko,ro,0.238128476779994
1170,ko,ru,0.2584079673621285
1171,ko,se,0.14797608040887536
1172,ko,sk,0.25521410066392974
1173,ko,sq,0.2092344057661236
1174,ko,sv,0.24514773029132858
1175,ko,ta,0.20451330325272907
1176,ko,te,0.21288095921305347
1177,ko,tr,0.2730194276612252
1178,ko,tt,0.1652885318323683
1179,ko,uk,0.26325653436554763
1180,la,lt,0.214339077362539
1181,la,lv,0.20950454731124418
1182,la,ml,0.1872758764386897
1183,la,nl,0.21201474228576037
1184,la,no,0.19384970857478384
1185,la,os,0.1815485061707696
1186,la,pl,0.21464017685798922
1187,la,pt,0.22444160868855204
1188,la,ro,0.20190437401685024
1189,la,ru,0.19828051946801326
1190,la,se,0.1742658639696902
1191,la,sk,0.20438015154052114
1192,la,sq,0.17629485560391822
1193,la,sv,0.1917523557306986
1194,la,ta,0.17721663507295807
1195,la,te,0.17946970409118146
1196,la,tr,0.20368557411735894
1197,la,tt,0.1603574556268894
1198,la,uk,0.20754002779853747
1199,lt,lv,0.33904761214607837
1200,lt,ml,0.2795999187343075
1201,lt,nl,0.3185595672469452
1202,lt,no,0.3004751314615333
1203,lt,os,0.2154384116237508
1204,lt,pl,0.3474931988464121
1205,lt,pt,0.32470957442188403
1206,lt,ro,0.2946467010293579
1207,lt,ru,0.34498528453602484
1208,lt,se,0.2024688030513574
1209,lt,sk,0.31643028433284937
1210,lt,sq,0.26901599240503304
1211,lt,sv,0.29528877188694413
1212,lt,ta,0.28848937475596736
1213,lt,te,0.27878587110250824
1214,lt,tr,0.30697955465252597
1215,lt,tt,0.24381506048424262
1216,lt,uk,0.3502838936248038
1217,lv,ml,0.2672090300269141
1218,lv,nl,0.32285195327561106
1219,lv,no,0.3106444293554286
1220,lv,os,0.21295089540605974
1221,lv,pl,0.34114508872524174
1222,lv,pt,0.3285236402776363
1223,lv,ro,0.29808575003746063
1224,lv,ru,0.33908422907788394
1225,lv,se,0.20481549980229624
1226,lv,sk,0.31746868036831855
1227,lv,sq,0.26875244606580095
1228,lv,sv,0.3036689532937628
1229,lv,ta,0.27575819155974196
1230,lv,te,0.27226406797904773
1231,lv,tr,0.31286533205384587
1232,lv,tt,0.24744931289089617
1233,lv,uk,0.3479724473592281
1234,ml,nl,0.2754599362315442
1235,ml,no,0.25488732686029947
1236,ml,os,0.19196036495039695
1237,ml,pl,0.2843197229298031
1238,ml,pt,0.2793611471563477
1239,ml,ro,0.2469151655170036
1240,ml,ru,0.28521090259959253
1241,ml,se,0.20140284267856687
1242,ml,sk,0.2694591019736827
1243,ml,sq,0.22622223395639723
1244,ml,sv,0.25442134459429244
1245,ml,ta,0.2775955343400687
1246,ml,te,0.25989936551932236
1247,ml,tr,0.270818729290543
1248,ml,tt,0.20539520438369796
1249,ml,uk,0.282408105232507
1250,nl,no,0.3360303197993814
1251,nl,os,0.19368869705549205
1252,nl,pl,0.34266276019644465
1253,nl,pt,0.33565107564845265
1254,nl,ro,0.30301629924917717
1255,nl,ru,0.34115669217609157
1256,nl,se,0.1784326831291789
1257,nl,sk,0.3104131532163082
1258,nl,sq,0.26124212034861577
1259,nl,sv,0.32123287932780614
1260,nl,ta,0.2912081867984112
1261,nl,te,0.27897774231873973
1262,nl,tr,0.30942385308355297
1263,nl,tt,0.24178012834201748
1264,nl,uk,0.3392852326295085
1265,no,os,0.18569903302322616
1266,no,pl,0.3283860500200117
1267,no,pt,0.3250911359895286
1268,no,ro,0.2838569296426253
1269,no,ru,0.32874312946929085
1270,no,se,0.1724088662923491
1271,no,sk,0.3052398371854429
1272,no,sq,0.25036514947434524
1273,no,sv,0.36096772000541694
1274,no,ta,0.2724636283099614
1275,no,te,0.25870493748803897
1276,no,tr,0.29824710076040156
1277,no,tt,0.21587681031031303
1278,no,uk,0.3228110456785233
1279,os,pl,0.20955177782605278
1280,os,pt,0.2176057066067231
1281,os,ro,0.19645282311433743
1282,os,ru,0.2125112756613357
1283,os,se,0.2061636638899673
1284,os,sk,0.2105800940387166
1285,os,sq,0.16790854116447912
1286,os,sv,0.18288129897529595
1287,os,ta,0.1380780570946862
1288,os,te,0.1710502167392753
1289,os,tr,0.23286302655787644
1290,os,tt,0.1491634481348556
1291,os,uk,0.22854751021529707
1292,pl,pt,0.3519168178091931
1293,pl,ro,0.31157468832150664
1294,pl,ru,0.4271976052785657
1295,pl,se,0.2110903679595154
1296,pl,sk,0.35870279284617707
1297,pl,sq,0.27617179444559425
1298,pl,sv,0.31914901985010047
1299,pl,ta,0.2920671736479409
1300,pl,te,0.2900443480648
1301,pl,tr,0.3242214202516749
1302,pl,tt,0.23881203761699313
1303,pl,uk,0.42246187503231697
1304,pt,ro,0.30741044226612857
1305,pt,ru,0.35753510948984807
1306,pt,se,0.2026596949013738
1307,pt,sk,0.31344102426701487
1308,pt,sq,0.27113999382325815
1309,pt,sv,0.3054297026953274
1310,pt,ta,0.29746876529333416
1311,pt,te,0.2843617887249973
1312,pt,tr,0.32119348063421166
1313,pt,tt,0.23797463450026088
1314,pt,uk,0.353276468321188
1315,ro,ru,0.30928775051656066
1316,ro,se,0.17427027530918604
1317,ro,sk,0.28667346861687837
1318,ro,sq,0.254179630223352
1319,ro,sv,0.27763062680587064
1320,ro,ta,0.2531081175955631
1321,ro,te,0.2510706371721893
1322,ro,tr,0.2836088703793153
1323,ro,tt,0.2201611448823002
1324,ro,uk,0.31262917112067395
1325,ru,se,0.18388501263875823
1326,ru,sk,0.35991925217303067
1327,ru,sq,0.26885467817461556
1328,ru,sv,0.3129516179394404
1329,ru,ta,0.2868260464947011
1330,ru,te,0.28014058655072516
1331,ru,tr,0.3358030883591034
1332,ru,tt,0.24131748730067198
1333,ru,uk,0.5081320221059262
1334,se,sk,0.19911615146253062
1335,se,sq,0.16633568493333656
1336,se,sv,0.17429481374173342
1337,se,ta,0.12601317430358722
1338,se,te,0.16542135275568712
1339,se,tr,0.2049921226480156
1340,se,tt,0.16848450327646589
1341,se,uk,0.20442432856686132
1342,sk,sq,0.26365483133544143
1343,sk,sv,0.2925352845967674
1344,sk,ta,0.2777883208190671
1345,sk,te,0.265067367808737
1346,sk,tr,0.3002369185934698
1347,sk,tt,0.23230683805952276
1348,sk,uk,0.3599401402944837
1349,sq,sv,0.24355310287582
1350,sq,ta,0.2161257175563442
1351,sq,te,0.2156281752805003
1352,sq,tr,0.26017838730333337
1353,sq,tt,0.18591140257834246
1354,sq,uk,0.2766697932979758
1355,sv,ta,0.2597414138681234
1356,sv,te,0.25348684500168545
1357,sv,tr,0.2913133420877469
1358,sv,tt,0.2129349317445785
1359,sv,uk,0.3121376250648501
1360,ta,te,0.25443330944731046
1361,ta,tr,0.2839393836244001
1362,ta,tt,0.18702188534435635
1363,ta,uk,0.2907721545610645
1364,te,tr,0.272581430091112
1365,te,tt,0.18978412584408622
1366,te,uk,0.2897670434154685
1367,tr,tt,0.2489276492562789
1368,tr,uk,0.3311115971372059
1369,tt,uk,0.24928713024175617
